ID;FK_DEPARTAMENTO;ID_CODIGO_MUNICIPIO;NOMBRE_MUNICIPIO
1;Co-Ama91;91001;LETICIA
2;Co-Ama91;91540;PUERTO NARIÑO
3;Co-Ant5;5001;MEDELLIN
4;Co-Ant5;5002;ABEJORRAL
5;Co-Ant5;5004;ABRIAQUI
6;Co-Ant5;5021;ALEJANDRIA
7;Co-Ant5;5030;AMAGA
8;Co-Ant5;5031;AMALFI
9;Co-Ant5;5034;ANDES
10;Co-Ant5;5036;ANGELOPOLIS
11;Co-Ant5;5038;ANGOSTURA
12;Co-Ant5;5040;ANORI
13;Co-Ant5;5044;ANZA
14;Co-Ant5;5045;APARTADO
15;Co-Ant5;5051;ARBOLETES
16;Co-Ant5;5055;ARGELIA
17;Co-Ant5;5059;ARMENIA
18;Co-Ant5;5079;BARBOSA
19;Co-Ant5;5086;BELMIRA
20;Co-Ant5;5088;BELLO
21;Co-Ant5;5091;BETANIA
22;Co-Ant5;5093;BETULIA
23;Co-Ant5;5101;BOLIVAR
24;Co-Ant5;5107;BRICEÑO
25;Co-Ant5;5113;BURITICA
26;Co-Ant5;5120;CACERES
27;Co-Ant5;5125;CAICEDO
28;Co-Ant5;5129;CALDAS
29;Co-Ant5;5134;CAMPAMENTO
30;Co-Ant5;5138;CAÑASGORDAS
31;Co-Ant5;5142;CARACOLI
32;Co-Ant5;5145;CARAMANTA
33;Co-Ant5;5147;CAREPA
34;Co-Ant5;5148;CARMEN DE VIBORAL
35;Co-Ant5;5150;CAROLINA
36;Co-Ant5;5154;CAUCASIA
37;Co-Ant5;5172;CHIGORODO
38;Co-Ant5;5190;CISNEROS
39;Co-Ant5;5197;COCORNA
40;Co-Ant5;5206;CONCEPCION
41;Co-Ant5;5209;CONCORDIA
42;Co-Ant5;5212;COPACABANA
43;Co-Ant5;5234;DABEIBA
44;Co-Ant5;5237;DON MATIAS
45;Co-Ant5;5240;EBEJICO
46;Co-Ant5;5250;EL BAGRE
47;Co-Ant5;5264;ENTRERRIOS
48;Co-Ant5;5266;ENVIGADO
49;Co-Ant5;5282;FREDONIA
50;Co-Ant5;5284;FRONTINO
51;Co-Ant5;5306;GIRALDO
52;Co-Ant5;5308;GIRARDOTA
53;Co-Ant5;5310;GOMEZ PLATA
54;Co-Ant5;5313;GRANADA
55;Co-Ant5;5315;GUADALUPE
56;Co-Ant5;5318;GUARNE
57;Co-Ant5;5321;GUATAPE
58;Co-Ant5;5347;HELICONIA
59;Co-Ant5;5353;HISPANIA
60;Co-Ant5;5360;ITAGÜI
61;Co-Ant5;5361;ITUANGO
62;Co-Ant5;5364;JARDIN
63;Co-Ant5;5368;JERICO
64;Co-Ant5;5376;LA CEJA
65;Co-Ant5;5380;LA ESTRELLA
66;Co-Ant5;5390;LA PINTADA
67;Co-Ant5;5400;LA UNION
68;Co-Ant5;5411;LIBORINA
69;Co-Ant5;5425;MACEO
70;Co-Ant5;5440;MARINILLA
71;Co-Ant5;5467;MONTEBELLO
72;Co-Ant5;5475;MURINDO
73;Co-Ant5;5480;MUTATA
74;Co-Ant5;5483;NARIÑO
75;Co-Ant5;5490;NECOCLI
76;Co-Ant5;5495;NECHI
77;Co-Ant5;5501;OLAYA
78;Co-Ant5;5541;PEÑOL
79;Co-Ant5;5543;PEQUE
80;Co-Ant5;5576;PUEBLORRICO
81;Co-Ant5;5579;PUERTO BERRIO
82;Co-Ant5;5585;PUERTO NARE
83;Co-Ant5;5591;PUERTO TRIUNFO
84;Co-Ant5;5604;REMEDIOS
85;Co-Ant5;5607;RETIRO
86;Co-Ant5;5615;RIONEGRO
87;Co-Ant5;5628;SABANALARGA
88;Co-Ant5;5631;SABANETA
89;Co-Ant5;5642;SALGAR
90;Co-Ant5;5647;SAN ANDRES DE CUERQUIA
91;Co-Ant5;5649;SAN CARLOS
92;Co-Ant5;5652;SAN FRANCISCO
93;Co-Ant5;5656;SAN JERONIMO
94;Co-Ant5;5658;SAN JOSE DE MONTAÑA
95;Co-Ant5;5659;SAN JUAN DE URABA
96;Co-Ant5;5660;SAN LUIS
97;Co-Ant5;5664;SAN PEDRO
98;Co-Ant5;5665;SAN PEDRO DE URABA
99;Co-Ant5;5667;SAN RAFAEL
100;Co-Ant5;5670;SAN ROQUE
101;Co-Ant5;5674;SAN VICENTE
102;Co-Ant5;5679;SANTA BARBARA
103;Co-Ant5;5685;SANTA FE DE ANTIOQUIA
104;Co-Ant5;5686;SANTA ROSA DE OSOS
105;Co-Ant5;5690;SANTO DOMINGO
106;Co-Ant5;5697;SANTUARIO
107;Co-Ant5;5736;SEGOVIA
108;Co-Ant5;5756;SONSON
109;Co-Ant5;5761;SOPETRAN
110;Co-Ant5;5789;TAMESIS
111;Co-Ant5;5790;TARAZA
112;Co-Ant5;5792;TARSO
113;Co-Ant5;5809;TITIRIBI
114;Co-Ant5;5819;TOLEDO
115;Co-Ant5;5837;TURBO
116;Co-Ant5;5842;URAMITA
117;Co-Ant5;5847;URRAO
118;Co-Ant5;5854;VALDIVIA
119;Co-Ant5;5856;VALPARAISO
120;Co-Ant5;5858;VEGACHI
121;Co-Ant5;5861;VENECIA
122;Co-Ant5;5873;VIGIA DEL FUERTE
123;Co-Ant5;5885;YALI
124;Co-Ant5;5887;YARUMAL
125;Co-Ant5;5890;YOLOMBO
126;Co-Ant5;5893;YONDO (CASABE)
127;Co-Ant5;5895;ZARAGOZA
128;Co-Ara81;81001;ARAUCA
129;Co-Ara81;81065;ARAUQUITA
130;Co-Ara81;81220;CRAVO NORTE
131;Co-Ara81;81300;FORTUL
132;Co-Ara81;81591;PUERTO RONDON
133;Co-Ara81;81736;SARAVENA
134;Co-Ara81;81794;TAME
135;Co-Atl8;8001;BARRANQUILLA
136;Co-Atl8;8078;BARANOA
137;Co-Atl8;8132;JUAN DE ACOSTA
138;Co-Atl8;8137;CAMPO DE LA CRUZ
139;Co-Atl8;8141;CANDELARIA
140;Co-Atl8;8296;GALAPA
141;Co-Atl8;8421;LURUACO
142;Co-Atl8;8433;MALAMBO
143;Co-Atl8;8436;MANATI
144;Co-Atl8;8520;PALMAR DE VARELA
145;Co-Atl8;8549;PIOJO
146;Co-Atl8;8558;POLONUEVO
147;Co-Atl8;8560;PONEDERA
148;Co-Atl8;8573;PUERTO COLOMBIA
149;Co-Atl8;8606;REPELON
150;Co-Atl8;8634;SABANAGRANDE
151;Co-Atl8;8638;SABANALARGA
152;Co-Atl8;8675;SANTA LUCIA
153;Co-Atl8;8685;SANTO TOMAS
154;Co-Atl8;8758;SOLEDAD
155;Co-Atl8;8770;SUAN
156;Co-Atl8;8832;TUBARA
157;Co-Atl8;8849;USIACURI
158;Co-Bog01;1001;BOGOTA D.C.
159;Co-Bol13;13001;CARTAGENA
160;Co-Bol13;13006;ACHI
161;Co-Bol13;13030;ALTOS DEL ROSARIO
162;Co-Bol13;13042;ARENAL
163;Co-Bol13;13052;ARJONA
164;Co-Bol13;13062;ARROYOHONDO
165;Co-Bol13;13074;BARRANCO DE LOBA
166;Co-Bol13;13140;CALAMAR
167;Co-Bol13;13160;CANTAGALLO
168;Co-Bol13;13188;CICUCO
169;Co-Bol13;13212;CORDOBA
170;Co-Bol13;13222;CLEMENCIA
171;Co-Bol13;13244;EL CARMEN DE BOLIVAR
172;Co-Bol13;13248;EL GUAMO
173;Co-Bol13;13268;EL PEÑON
174;Co-Bol13;13300;HATILLO DE LOBA
175;Co-Bol13;13430;MAGANGUE
176;Co-Bol13;13433;MAHATES
177;Co-Bol13;13440;MARGARITA
178;Co-Bol13;13442;MARIA LA BAJA
179;Co-Bol13;13458;MONTECRISTO
180;Co-Bol13;13468;MOMPOS
181;Co-Bol13;13473;MORALES
182;Co-Bol13;13490;NOROSI
183;Co-Bol13;13549;PINILLOS
184;Co-Bol13;13580;REGIDOR
185;Co-Bol13;13600;RIO VIEJO
186;Co-Bol13;13620;SAN CRISTOBAL
187;Co-Bol13;13647;SAN ESTANISLAO
188;Co-Bol13;13650;SAN FERNANDO
189;Co-Bol13;13654;SAN JACINTO
190;Co-Bol13;13655;SAN JACINTO DEL CAUCA
191;Co-Bol13;13657;SAN JUAN DE NEPOMUCENO
192;Co-Bol13;13667;SAN MARTIN DE LOBA
193;Co-Bol13;13670;SAN PABLO
194;Co-Bol13;13673;SANTA CATALINA
195;Co-Bol13;13683;SANTA ROSA
196;Co-Bol13;13688;SANTA ROSA DEL SUR
197;Co-Bol13;13744;SIMITI
198;Co-Bol13;13760;SOPLAVIENTO
199;Co-Bol13;13780;TALAIGUA NUEVO
200;Co-Bol13;13810;TIQUISIO (PUERTO RICO)
201;Co-Bol13;13836;TURBACO
202;Co-Bol13;13838;TURBANA
203;Co-Bol13;13873;VILLANUEVA
204;Co-Bol13;13894;ZAMBRANO
205;Co-Boy15;15001;TUNJA
206;Co-Boy15;15022;ALMEIDA
207;Co-Boy15;15047;AQUITANIA
208;Co-Boy15;15051;ARCABUCO
209;Co-Boy15;15087;BELEN
210;Co-Boy15;15090;BERBEO
211;Co-Boy15;15092;BETEITIVA
212;Co-Boy15;15097;BOAVITA
213;Co-Boy15;15104;BOYACA
214;Co-Boy15;15106;BRICEÑO
215;Co-Boy15;15109;BUENAVISTA
216;Co-Boy15;15114;BUSBANZA
217;Co-Boy15;15131;CALDAS
218;Co-Boy15;15135;CAMPOHERMOSO
219;Co-Boy15;15162;CERINZA
220;Co-Boy15;15172;CHINAVITA
221;Co-Boy15;15176;CHIQUINQUIRA
222;Co-Boy15;15180;CHISCAS
223;Co-Boy15;15183;CHITA
224;Co-Boy15;15185;CHITARAQUE
225;Co-Boy15;15187;CHIVATA
226;Co-Boy15;15189;CIENAGA
227;Co-Boy15;15204;COMBITA
228;Co-Boy15;15212;COPER
229;Co-Boy15;15215;CORRALES
230;Co-Boy15;15218;COVARACHIA
231;Co-Boy15;15223;CUBARA
232;Co-Boy15;15224;CUCAITA
233;Co-Boy15;15226;CUITIVA
234;Co-Boy15;15232;CHIQUIZA
235;Co-Boy15;15236;CHIVOR
236;Co-Boy15;15238;DUITAMA
237;Co-Boy15;15244;EL COCUY
238;Co-Boy15;15248;EL ESPINO
239;Co-Boy15;15272;FIRAVITOBA
240;Co-Boy15;15276;FLORESTA
241;Co-Boy15;15293;GACHANTIVA
242;Co-Boy15;15296;GAMEZA
243;Co-Boy15;15299;GARAGOA
244;Co-Boy15;15317;GUACAMAYAS
245;Co-Boy15;15322;GUATEQUE
246;Co-Boy15;15325;GUAYATA
247;Co-Boy15;15332;GUICAN
248;Co-Boy15;15362;IZA
249;Co-Boy15;15367;JENESANO
250;Co-Boy15;15368;JERICO
251;Co-Boy15;15377;LABRANZAGRANDE
252;Co-Boy15;15380;LA CAPILLA
253;Co-Boy15;15401;LA VICTORIA
254;Co-Boy15;15403;LA UVITA
255;Co-Boy15;15407;VILLA DE LEIVA
256;Co-Boy15;15425;MACANAL
257;Co-Boy15;15442;MARIPI
258;Co-Boy15;15455;MIRAFLORES
259;Co-Boy15;15464;MONGUA
260;Co-Boy15;15466;MONGUI
261;Co-Boy15;15469;MONIQUIRA
262;Co-Boy15;15476;MOTAVITA
263;Co-Boy15;15480;MUZO
264;Co-Boy15;15491;NOBSA
265;Co-Boy15;15494;NUEVO COLON
266;Co-Boy15;15500;OICATA
267;Co-Boy15;15507;OTANCHE
268;Co-Boy15;15511;PACHAVITA
269;Co-Boy15;15514;PAEZ
270;Co-Boy15;15516;PAIPA
271;Co-Boy15;15518;PAJARITO
272;Co-Boy15;15522;PANQUEBA
273;Co-Boy15;15531;PAUNA
274;Co-Boy15;15532;PAYA
275;Co-Boy15;15537;PAZ DE RIO
276;Co-Boy15;15542;PESCA
277;Co-Boy15;15550;PISVA
278;Co-Boy15;15572;PUERTO BOYACA
279;Co-Boy15;15580;QUIPAMA
280;Co-Boy15;15599;RAMIRIQUI
281;Co-Boy15;15600;RAQUIRA
282;Co-Boy15;15621;RONDON
283;Co-Boy15;15632;SABOYA
284;Co-Boy15;15638;SACHICA
285;Co-Boy15;15646;SAMACA
286;Co-Boy15;15660;SAN EDUARDO
287;Co-Boy15;15664;SAN JOSE DE PARE
288;Co-Boy15;15667;SAN LUIS DE GACENO
289;Co-Boy15;15673;SAN MATEO
290;Co-Boy15;15676;SAN MIGUEL DE SEMA
291;Co-Boy15;15681;SAN PABLO DE BORBUR
292;Co-Boy15;15686;SANTANA
293;Co-Boy15;15690;SANTA MARIA
294;Co-Boy15;15693;SANTA ROSA DE VITERBO
295;Co-Boy15;15696;SANTA SOFIA
296;Co-Boy15;15720;SATIVANORTE
297;Co-Boy15;15723;SATIVASUR
298;Co-Boy15;15740;SIACHOQUE
299;Co-Boy15;15753;SOATA
300;Co-Boy15;15755;SOCOTA
301;Co-Boy15;15757;SOCHA
302;Co-Boy15;15759;SOGAMOSO
303;Co-Boy15;15761;SOMONDOCO
304;Co-Boy15;15762;SORA
305;Co-Boy15;15763;SOTAQUIRA
306;Co-Boy15;15764;SORACA
307;Co-Boy15;15774;SUSACON
308;Co-Boy15;15776;SUTAMARCHAN
309;Co-Boy15;15778;SUTATENZA
310;Co-Boy15;15790;TASCO
311;Co-Boy15;15798;TENZA
312;Co-Boy15;15804;TIBANA
313;Co-Boy15;15806;TIBASOSA
314;Co-Boy15;15808;TINJACA
315;Co-Boy15;15810;TIPACOQUE
316;Co-Boy15;15814;TOCA
317;Co-Boy15;15816;TOGUI
318;Co-Boy15;15820;TOPAGA
319;Co-Boy15;15822;TOTA
320;Co-Boy15;15832;TUNUNGUA
321;Co-Boy15;15835;TURMEQUE
322;Co-Boy15;15837;TUTA
323;Co-Boy15;15839;TUTASA
324;Co-Boy15;15842;UMBITA
325;Co-Boy15;15861;VENTAQUEMADA
326;Co-Boy15;15879;VIRACACHA
327;Co-Boy15;15897;ZETAQUIRA
328;Co-Cal17;17001;MANIZALES
329;Co-Cal17;17013;AGUADAS
330;Co-Cal17;17042;ANSERMA
331;Co-Cal17;17050;ARANZAZU
332;Co-Cal17;17088;BELALCAZAR
333;Co-Cal17;17174;CHINCHINA
334;Co-Cal17;17272;FILADELFIA
335;Co-Cal17;17380;LA DORADA
336;Co-Cal17;17388;LA MERCED
337;Co-Cal17;17433;MANZANARES
338;Co-Cal17;17442;MARMATO
339;Co-Cal17;17444;MARQUETALIA
340;Co-Cal17;17446;MARULANDA
341;Co-Cal17;17486;NEIRA
342;Co-Cal17;17495;NORCASIA
343;Co-Cal17;17513;PACORA
344;Co-Cal17;17524;PALESTINA
345;Co-Cal17;17541;PENSILVANIA
346;Co-Cal17;17614;RIO SUCIO
347;Co-Cal17;17616;RISARALDA
348;Co-Cal17;17653;SALAMINA
349;Co-Cal17;17662;SAMANA
350;Co-Cal17;17665;SAN JOSE
351;Co-Cal17;17777;SUPIA
352;Co-Cal17;17867;LA VICTORIA
353;Co-Cal17;17873;VILLAMARIA
354;Co-Cal17;17877;VITERBO
355;Co-Caq18;18001;FLORENCIA
356;Co-Caq18;18029;ALBANIA
357;Co-Caq18;18094;BELEN DE LOS ANDAQUIES
358;Co-Caq18;18150;CARTAGENA DEL CHAIRA
359;Co-Caq18;18205;CURILLO
360;Co-Caq18;18247;EL DONCELLO
361;Co-Caq18;18256;EL PAUJIL
362;Co-Caq18;18410;LA MONTAÑITA
363;Co-Caq18;18460;MILAN
364;Co-Caq18;18479;MORELIA
365;Co-Caq18;18592;PUERTO RICO
366;Co-Caq18;18610;SAN JOSE DEL FRAGUA
367;Co-Caq18;18753;SAN VICENTE DEL CAGUAN
368;Co-Caq18;18765;SOLANO
369;Co-Caq18;18785;SOLITA
370;Co-Caq18;18860;VALPARAISO
371;Co-Cas85;85001;YOPAL
372;Co-Cas85;85010;AGUAZUL
373;Co-Cas85;85015;CHAMEZA
374;Co-Cas85;85125;HATO COROZAL
375;Co-Cas85;85136;LA SALINA
376;Co-Cas85;85139;MANI
377;Co-Cas85;85162;MONTERREY
378;Co-Cas85;85225;NUNCHIA
379;Co-Cas85;85230;OROCUE
380;Co-Cas85;85250;PAZ DE ARIPORO
381;Co-Cas85;85263;PORE
382;Co-Cas85;85279;RECETOR
383;Co-Cas85;85300;SABANALARGA
384;Co-Cas85;85315;SACAMA
385;Co-Cas85;85325;SAN LUIS DE PALENQUE
386;Co-Cas85;85400;TAMARA
387;Co-Cas85;85410;TAURAMENA
388;Co-Cas85;85430;TRINIDAD
389;Co-Cas85;85440;VILLANUEVA
390;Co-Cau19;19001;POPAYAN
391;Co-Cau19;19022;ALMAGUER
392;Co-Cau19;19050;ARGELIA
393;Co-Cau19;19075;BALBOA
394;Co-Cau19;19100;BOLIVAR
395;Co-Cau19;19110;BUENOS AIRES
396;Co-Cau19;19130;CAJIBIO
397;Co-Cau19;19137;CALDONO
398;Co-Cau19;19142;CALOTO
399;Co-Cau19;19212;CORINTO
400;Co-Cau19;19256;EL TAMBO
401;Co-Cau19;19290;FLORENCIA
402;Co-Cau19;19300;GUACHENE
403;Co-Cau19;19318;GUAPI
404;Co-Cau19;19355;INZA
405;Co-Cau19;19364;JAMBALO
406;Co-Cau19;19392;LA SIERRA
407;Co-Cau19;19397;LA VEGA
408;Co-Cau19;19418;LOPEZ (MICAY)
409;Co-Cau19;19450;MERCADERES
410;Co-Cau19;19455;MIRANDA
411;Co-Cau19;19473;MORALES
412;Co-Cau19;19513;PADILLA
413;Co-Cau19;19517;PAEZ (BELALCAZAR)
414;Co-Cau19;19532;PATIA (EL BORDO)
415;Co-Cau19;19533;PIAMONTE
416;Co-Cau19;19548;PIENDAMO
417;Co-Cau19;19573;PUERTO TEJADA
418;Co-Cau19;19585;PURACE (COCONUCO)
419;Co-Cau19;19622;ROSAS
420;Co-Cau19;19693;SAN SEBASTIAN
421;Co-Cau19;19698;SANTANDER DE QUILICHAO
422;Co-Cau19;19701;SANTA ROSA
423;Co-Cau19;19743;SILVIA
424;Co-Cau19;19760;SOTARA (PAISPAMBA)
425;Co-Cau19;19780;SUAREZ
426;Co-Cau19;19785;SUCRE
427;Co-Cau19;19807;TIMBIO
428;Co-Cau19;19809;TIMBIQUI
429;Co-Cau19;19821;TORIBIO
430;Co-Cau19;19824;TOTORO
431;Co-Cau19;19845;VILLA RICA
432;Co-Ces20;20001;VALLEDUPAR
433;Co-Ces20;20011;AGUACHICA
434;Co-Ces20;20013;AGUSTIN CODAZZI
435;Co-Ces20;20032;ASTREA
436;Co-Ces20;20045;BECERRIL
437;Co-Ces20;20060;BOSCONIA
438;Co-Ces20;20175;CHIMICHAGUA
439;Co-Ces20;20178;CHIRIGUANA
440;Co-Ces20;20228;CURUMANI
441;Co-Ces20;20238;EL COPEY
442;Co-Ces20;20250;EL PASO
443;Co-Ces20;20295;GAMARRA
444;Co-Ces20;20310;GONZALEZ
445;Co-Ces20;20383;LA GLORIA
446;Co-Ces20;20400;LA JAGUA DE IBIRICO
447;Co-Ces20;20443;MANAURE BALCON DEL CESAR
448;Co-Ces20;20517;PAILITAS
449;Co-Ces20;20550;PELAYA
450;Co-Ces20;20570;PUEBLO BELLO
451;Co-Ces20;20614;RIO DE ORO
452;Co-Ces20;20621;LA PAZ (ROBLES)
453;Co-Ces20;20710;SAN ALBERTO
454;Co-Ces20;20750;SAN DIEGO
455;Co-Ces20;20770;SAN MARTIN
456;Co-Ces20;20787;TAMALAMEQUE
457;Co-Cho27;27001;QUIBDO
458;Co-Cho27;27006;ACANDI
459;Co-Cho27;27025;ALTO BAUDO (PIE DE PATO)
460;Co-Cho27;27050;ATRATO (YUTO)
461;Co-Cho27;27073;BAGADO
462;Co-Cho27;27075;BAHIA SOLANO (MUTIS)
463;Co-Cho27;27077;BAJO BAUDO (PIZARRO)
464;Co-Cho27;27086;BELEN DE BAJIRA
465;Co-Cho27;27099;BOJAYA (BELLAVISTA)
466;Co-Cho27;27135;CANTON DE SAN PABLO
467;Co-Cho27;27150;CARMEN DEL DARIEN (CURBARADO)
468;Co-Cho27;27160;CERTEGUI
469;Co-Cho27;27205;CONDOTO
470;Co-Cho27;27245;EL CARMEN DE ATRATO
471;Co-Cho27;27250;SANTA GENOVEVA DE DOCORODO
472;Co-Cho27;27361;ISTMINA
473;Co-Cho27;27372;JURADO
474;Co-Cho27;27413;LLORO
475;Co-Cho27;27425;MEDIO ATRATO
476;Co-Cho27;27430;MEDIO BAUDO
477;Co-Cho27;27450;MEDIO SAN JUAN (ANDAGOYA)
478;Co-Cho27;27491;NOVITA
479;Co-Cho27;27495;NUQUI
480;Co-Cho27;27580;RIO IRO
481;Co-Cho27;27600;RIO QUITO
482;Co-Cho27;27615;RIOSUCIO
483;Co-Cho27;27660;SAN JOSE DEL PALMAR
484;Co-Cho27;27745;SIPI
485;Co-Cho27;27787;TADO
486;Co-Cho27;27800;UNGUIA
487;Co-Cho27;27810;UNION PANAMERICANA (ANIMAS)
488;Co-Cor23;23001;MONTERIA
489;Co-Cor23;23068;AYAPEL
490;Co-Cor23;23079;BUENAVISTA
491;Co-Cor23;23090;CANALETE
492;Co-Cor23;23162;CERETE
493;Co-Cor23;23168;CHIMA
494;Co-Cor23;23182;CHINU
495;Co-Cor23;23189;CIENAGA DE ORO
496;Co-Cor23;23300;COTORRA
497;Co-Cor23;23350;LA APARTADA Y LA FRONTERA
498;Co-Cor23;23417;LORICA
499;Co-Cor23;23419;LOS CORDOBAS
500;Co-Cor23;23464;MOMIL
501;Co-Cor23;23466;MONTELIBANO
502;Co-Cor23;23500;MOÑITOS
503;Co-Cor23;23555;PLANETA RICA
504;Co-Cor23;23570;PUEBLO NUEVO
505;Co-Cor23;23574;PUERTO ESCONDIDO
506;Co-Cor23;23580;PUERTO LIBERTADOR
507;Co-Cor23;23586;PURISIMA
508;Co-Cor23;23660;SAHAGUN
509;Co-Cor23;23670;SAN ANDRES SOTAVENTO
510;Co-Cor23;23672;SAN ANTERO
511;Co-Cor23;23675;SAN BERNARDO DEL VIENTO
512;Co-Cor23;23678;SAN CARLOS
513;Co-Cor23;23682;SAN JOSE DE URE
514;Co-Cor23;23686;SAN PELAYO
515;Co-Cor23;23807;TIERRALTA
516;Co-Cor23;23815;TUCHIN
517;Co-Cor23;23855;VALENCIA
518;Co-Cun25;25001;AGUA DE DIOS
519;Co-Cun25;25019;ALBAN
520;Co-Cun25;25035;ANAPOIMA
521;Co-Cun25;25040;ANOLAIMA
522;Co-Cun25;25053;ARBELAEZ
523;Co-Cun25;25086;BELTRAN
524;Co-Cun25;25095;BITUIMA
525;Co-Cun25;25099;BOJACA
526;Co-Cun25;25120;CABRERA
527;Co-Cun25;25123;CACHIPAY
528;Co-Cun25;25126;CAJICA
529;Co-Cun25;25148;CAPARRAPI
530;Co-Cun25;25151;CAQUEZA
531;Co-Cun25;25154;CARMEN DE CARUPA
532;Co-Cun25;25168;CHAGUANI
533;Co-Cun25;25175;CHIA
534;Co-Cun25;25178;CHIPAQUE
535;Co-Cun25;25181;CHOACHI
536;Co-Cun25;25183;CHOCONTA
537;Co-Cun25;25200;COGUA
538;Co-Cun25;25214;COTA
539;Co-Cun25;25224;CUCUNUBA
540;Co-Cun25;25245;EL COLEGIO
541;Co-Cun25;25258;EL PEÑON
542;Co-Cun25;25260;EL ROSAL
543;Co-Cun25;25269;FACATATIVA
544;Co-Cun25;25279;FOMEQUE
545;Co-Cun25;25281;FOSCA
546;Co-Cun25;25286;FUNZA
547;Co-Cun25;25288;FUQUENE
548;Co-Cun25;25290;FUSAGASUGA
549;Co-Cun25;25293;GACHALA
550;Co-Cun25;25295;GACHANCIPA
551;Co-Cun25;25297;GACHETA
552;Co-Cun25;25299;GAMA
553;Co-Cun25;25307;GIRARDOT
554;Co-Cun25;25312;GRANADA
555;Co-Cun25;25317;GUACHETA
556;Co-Cun25;25320;GUADUAS
557;Co-Cun25;25322;GUASCA
558;Co-Cun25;25324;GUATAQUI
559;Co-Cun25;25326;GUATAVITA
560;Co-Cun25;25328;GUAYABAL DE SIQUIMA
561;Co-Cun25;25335;GUAYABETAL
562;Co-Cun25;25339;GUTIERREZ
563;Co-Cun25;25368;JERUSALEN
564;Co-Cun25;25372;JUNIN
565;Co-Cun25;25377;LA CALERA
566;Co-Cun25;25386;LA MESA
567;Co-Cun25;25394;LA PALMA
568;Co-Cun25;25398;LA PEÑA
569;Co-Cun25;25402;LA VEGA
570;Co-Cun25;25407;LENGUAZAQUE
571;Co-Cun25;25426;MACHETA
572;Co-Cun25;25430;MADRID
573;Co-Cun25;25436;MANTA
574;Co-Cun25;25438;MEDINA
575;Co-Cun25;25473;MOSQUERA
576;Co-Cun25;25483;NARIÑO
577;Co-Cun25;25486;NEMOCON
578;Co-Cun25;25488;NILO
579;Co-Cun25;25489;NIMAIMA
580;Co-Cun25;25491;NOCAIMA
581;Co-Cun25;25506;VENECIA (OSPINA PEREZ)
582;Co-Cun25;25513;PACHO
583;Co-Cun25;25518;PAIME
584;Co-Cun25;25524;PANDI
585;Co-Cun25;25530;PARATEBUENO
586;Co-Cun25;25535;PASCA
587;Co-Cun25;25572;PUERTO SALGAR
588;Co-Cun25;25580;PULI
589;Co-Cun25;25592;QUEBRADANEGRA
590;Co-Cun25;25594;QUETAME
591;Co-Cun25;25596;QUIPILE
592;Co-Cun25;25599;APULO
593;Co-Cun25;25612;RICAURTE
594;Co-Cun25;25645;SAN ANTONIO DE TEQUENDAMA
595;Co-Cun25;25649;SAN BERNARDO
596;Co-Cun25;25653;SAN CAYETANO
597;Co-Cun25;25658;SAN FRANCISCO
598;Co-Cun25;25662;SAN JUAN DE RIO SECO
599;Co-Cun25;25718;SASAIMA
600;Co-Cun25;25736;SESQUILE
601;Co-Cun25;25740;SIBATE
602;Co-Cun25;25743;SILVANIA
603;Co-Cun25;25745;SIMIJACA
604;Co-Cun25;25754;SOACHA
605;Co-Cun25;25758;SOPO
606;Co-Cun25;25769;SUBACHOQUE
607;Co-Cun25;25772;SUESCA
608;Co-Cun25;25777;SUPATA
609;Co-Cun25;25779;SUSA
610;Co-Cun25;25781;SUTATAUSA
611;Co-Cun25;25785;TABIO
612;Co-Cun25;25793;TAUSA
613;Co-Cun25;25797;TENA
614;Co-Cun25;25799;TENJO
615;Co-Cun25;25805;TIBACUY
616;Co-Cun25;25807;TIBIRITA
617;Co-Cun25;25815;TOCAIMA
618;Co-Cun25;25817;TOCANCIPA
619;Co-Cun25;25823;TOPAIPI
620;Co-Cun25;25839;UBALA
621;Co-Cun25;25841;UBAQUE
622;Co-Cun25;25843;UBATE
623;Co-Cun25;25845;UNE
624;Co-Cun25;25851;UTICA
625;Co-Cun25;25862;VERGARA
626;Co-Cun25;25867;VIANI
627;Co-Cun25;25871;VILLAGOMEZ
628;Co-Cun25;25873;VILLAPINZON
629;Co-Cun25;25875;VILLETA
630;Co-Cun25;25878;VIOTA
631;Co-Cun25;25885;YACOPI
632;Co-Cun25;25888;ZIPACON
633;Co-Cun25;25899;ZIPAQUIRA
634;Co-Gua94;94001;INIRIDA
635;Co-Gua95;95001;SAN JOSE DEL GUAVIARE
636;Co-Gua95;95015;CALAMAR
637;Co-Gua95;95025;EL RETORNO
638;Co-Gua95;95200;MIRAFLORES
639;Co-Hui41;41001;NEIVA
640;Co-Hui41;41006;ACEVEDO
641;Co-Hui41;41013;AGRADO
642;Co-Hui41;41016;AIPE
643;Co-Hui41;41020;ALGECIRAS
644;Co-Hui41;41026;ALTAMIRA
645;Co-Hui41;41078;BARAYA
646;Co-Hui41;41132;CAMPOALEGRE
647;Co-Hui41;41206;COLOMBIA
648;Co-Hui41;41244;ELIAS
649;Co-Hui41;41298;GARZON
650;Co-Hui41;41306;GIGANTE
651;Co-Hui41;41319;GUADALUPE
652;Co-Hui41;41349;HOBO
653;Co-Hui41;41357;IQUIRA
654;Co-Hui41;41359;ISNOS
655;Co-Hui41;41378;LA ARGENTINA
656;Co-Hui41;41396;LA PLATA
657;Co-Hui41;41483;NATAGA
658;Co-Hui41;41503;OPORAPA
659;Co-Hui41;41518;PAICOL
660;Co-Hui41;41524;PALERMO
661;Co-Hui41;41530;PALESTINA
662;Co-Hui41;41548;PITAL
663;Co-Hui41;41551;PITALITO
664;Co-Hui41;41615;RIVERA
665;Co-Hui41;41660;SALADOBLANCO
666;Co-Hui41;41668;SAN AGUSTIN
667;Co-Hui41;41676;SANTA MARIA
668;Co-Hui41;41770;SUAZA
669;Co-Hui41;41791;TARQUI
670;Co-Hui41;41797;TESALIA
671;Co-Hui41;41799;TELLO
672;Co-Hui41;41801;TERUEL
673;Co-Hui41;41807;TIMANA
674;Co-Hui41;41872;VILLAVIEJA
675;Co-Hui41;41885;YAGUARA
676;Co-La44;44001;RIOHACHA
677;Co-La44;44035;ALBANIA
678;Co-La44;44078;BARRANCAS
679;Co-La44;44090;DIBULLA
680;Co-La44;44098;DISTRACCION
681;Co-La44;44110;EL MOLINO
682;Co-La44;44279;FONSECA
683;Co-La44;44378;HATONUEVO
684;Co-La44;44420;LA JAGUA DEL PILAR
685;Co-La44;44430;MAICAO
686;Co-La44;44560;MANAURE
687;Co-La44;44650;SAN JUAN DEL CESAR
688;Co-La44;44847;URIBIA
689;Co-La44;44855;URUMITA
690;Co-La44;44874;VILLANUEVA
691;Co-Mag47;47001;SANTA MARTA
692;Co-Mag47;47030;ALGARROBO
693;Co-Mag47;47053;ARACATACA
694;Co-Mag47;47058;ARIGUANI (EL DIFICIL)
695;Co-Mag47;47161;CERRO SAN ANTONIO
696;Co-Mag47;47170;CHIVOLO
697;Co-Mag47;47189;CIENAGA
698;Co-Mag47;47205;CONCORDIA
699;Co-Mag47;47245;EL BANCO
700;Co-Mag47;47258;EL PIÑON
701;Co-Mag47;47268;EL RETEN
702;Co-Mag47;47288;FUNDACION
703;Co-Mag47;47318;GUAMAL
704;Co-Mag47;47441;PEDRAZA
705;Co-Mag47;47460;NUEVA GRANADA
706;Co-Mag47;47545;PIJIÑO
707;Co-Mag47;47551;PIVIJAY
708;Co-Mag47;47555;PLATO
709;Co-Mag47;47570;PUEBLOVIEJO
710;Co-Mag47;47605;REMOLINO
711;Co-Mag47;47660;SABANAS DE SAN ANGEL (SAN ANGEL)
712;Co-Mag47;47675;SALAMINA
713;Co-Mag47;47692;SAN SEBASTIAN DE BUENAVISTA
714;Co-Mag47;47703;SAN ZENON
715;Co-Mag47;47707;SANTA ANA
716;Co-Mag47;47720;SANTA BARBARA DE PINTO
717;Co-Mag47;47745;SITIONUEVO
718;Co-Mag47;47798;TENERIFE
719;Co-Mag47;47960;ZAPAYAN (PUNTA DE PIEDRAS)
720;Co-Mag47;47980;ZONA BANANERA (PRADO - SEVILLA)
721;Co-Met50;50001;VILLAVICENCIO
722;Co-Met50;50006;ACACIAS
723;Co-Met50;50110;BARRANCA DE UPIA
724;Co-Met50;50124;CABUYARO
725;Co-Met50;50150;CASTILLA LA NUEVA
726;Co-Met50;50223;CUBARRAL
727;Co-Met50;50226;CUMARAL
728;Co-Met50;50245;EL CALVARIO
729;Co-Met50;50251;EL CASTILLO
730;Co-Met50;50270;EL DORADO
731;Co-Met50;50287;FUENTE DE ORO
732;Co-Met50;50313;GRANADA
733;Co-Met50;50318;GUAMAL
734;Co-Met50;50325;MAPIRIPAN
735;Co-Met50;50330;MESETAS
736;Co-Met50;50350;LA MACARENA
737;Co-Met50;50370;URIBE
738;Co-Met50;50400;LEJANIAS
739;Co-Met50;50450;PUERTO CONCORDIA
740;Co-Met50;50568;PUERTO GAITAN
741;Co-Met50;50573;PUERTO LOPEZ
742;Co-Met50;50577;PUERTO LLERAS
743;Co-Met50;50590;PUERTO RICO
744;Co-Met50;50606;RESTREPO
745;Co-Met50;50680;SAN CARLOS DE GUAROA
746;Co-Met50;50683;SAN JUAN DE ARAMA
747;Co-Met50;50686;SAN JUANITO
748;Co-Met50;50689;SAN MARTIN
749;Co-Met50;50711;VISTA HERMOSA
750;Co-Nar52;52001;SAN JUAN DE PASTO
751;Co-Nar52;52019;ALBAN (SAN JOSE)
752;Co-Nar52;52022;ALDANA
753;Co-Nar52;52036;ANCUYA
754;Co-Nar52;52051;ARBOLEDA (BERRUECOS)
755;Co-Nar52;52079;BARBACOAS
756;Co-Nar52;52083;BELEN
757;Co-Nar52;52110;BUESACO
758;Co-Nar52;52203;COLON (GENOVA)
759;Co-Nar52;52207;CONSACA
760;Co-Nar52;52210;CONTADERO
761;Co-Nar52;52215;CORDOBA
762;Co-Nar52;52224;CUASPUD (CARLOSAMA)
763;Co-Nar52;52227;CUMBAL
764;Co-Nar52;52233;CUMBITARA
765;Co-Nar52;52240;CHACHAGUI
766;Co-Nar52;52250;EL CHARCO
767;Co-Nar52;52254;EL PEÑOL
768;Co-Nar52;52256;EL ROSARIO
769;Co-Nar52;52258;EL TABLON DE GOMEZ
770;Co-Nar52;52260;EL TAMBO
771;Co-Nar52;52287;FUNES
772;Co-Nar52;52317;GUACHUCAL
773;Co-Nar52;52320;GUAITARILLA
774;Co-Nar52;52323;GUALMATAN
775;Co-Nar52;52352;ILES
776;Co-Nar52;52354;IMUES
777;Co-Nar52;52356;IPIALES
778;Co-Nar52;52378;LA CRUZ
779;Co-Nar52;52381;LA FLORIDA
780;Co-Nar52;52385;LA LLANADA
781;Co-Nar52;52390;LA TOLA
782;Co-Nar52;52399;LA UNION
783;Co-Nar52;52405;LEIVA
784;Co-Nar52;52411;LINARES
785;Co-Nar52;52418;SOTOMAYOR (LOS ANDES)
786;Co-Nar52;52427;MAGUI (PAYAN)
787;Co-Nar52;52435;MALLAMA (PIEDRANCHA)
788;Co-Nar52;52473;MOSQUERA
789;Co-Nar52;52480;NARIÑO
790;Co-Nar52;52490;OLAYA HERRERA
791;Co-Nar52;52506;OSPINA
792;Co-Nar52;52520;FRANCISCO PIZARRO
793;Co-Nar52;52540;POLICARPA
794;Co-Nar52;52560;POTOSI
795;Co-Nar52;52565;PROVIDENCIA
796;Co-Nar52;52573;PUERRES
797;Co-Nar52;52585;PUPIALES
798;Co-Nar52;52612;RICAURTE
799;Co-Nar52;52621;ROBERTO PAYAN (SAN JOSE)
800;Co-Nar52;52678;SAMANIEGO
801;Co-Nar52;52683;SANDONA
802;Co-Nar52;52685;SAN BERNARDO
803;Co-Nar52;52687;SAN LORENZO
804;Co-Nar52;52693;SAN PABLO
805;Co-Nar52;52694;SAN PEDRO DE CARTAGO
806;Co-Nar52;52695;SANTA BARBARA (ISCUANDE)
807;Co-Nar52;52699;GUACHAVES
808;Co-Nar52;52720;SAPUYES
809;Co-Nar52;52786;TAMINANGO
810;Co-Nar52;52788;TANGUA
811;Co-Nar52;52835;TUMACO
812;Co-Nar52;52838;TUQUERRES
813;Co-Nar52;52885;YACUANQUER
814;Co-Nor54;54001;CUCUTA
815;Co-Nor54;54003;ABREGO
816;Co-Nor54;54051;ARBOLEDAS
817;Co-Nor54;54099;BOCHALEMA
818;Co-Nor54;54109;BUCARASICA
819;Co-Nor54;54125;CACOTA
820;Co-Nor54;54128;CACHIRA
821;Co-Nor54;54172;CHINACOTA
822;Co-Nor54;54174;CHITAGA
823;Co-Nor54;54206;CONVENCION
824;Co-Nor54;54223;CUCUTILLA
825;Co-Nor54;54239;DURANIA
826;Co-Nor54;54245;EL CARMEN
827;Co-Nor54;54250;EL TARRA
828;Co-Nor54;54261;EL ZULIA
829;Co-Nor54;54313;GRAMALOTE
830;Co-Nor54;54344;HACARI
831;Co-Nor54;54347;HERRAN
832;Co-Nor54;54377;LABATECA
833;Co-Nor54;54385;LA ESPERANZA
834;Co-Nor54;54398;LA PLAYA
835;Co-Nor54;54405;LOS PATIOS
836;Co-Nor54;54418;LOURDES
837;Co-Nor54;54480;MUTISCUA
838;Co-Nor54;54498;OCAÑA
839;Co-Nor54;54518;PAMPLONA
840;Co-Nor54;54520;PAMPLONITA
841;Co-Nor54;54553;PUERTO SANTANDER
842;Co-Nor54;54599;RAGONVALIA
843;Co-Nor54;54660;SALAZAR
844;Co-Nor54;54670;SAN CALIXTO
845;Co-Nor54;54673;SAN CAYETANO
846;Co-Nor54;54680;SANTIAGO
847;Co-Nor54;54720;SARDINATA
848;Co-Nor54;54743;SILOS
849;Co-Nor54;54800;TEORAMA
850;Co-Nor54;54810;TIBU
851;Co-Nor54;54820;TOLEDO
852;Co-Nor54;54871;VILLA CARO
853;Co-Nor54;54874;VILLA DEL ROSARIO
854;Co-Put86;86001;MOCOA
855;Co-Put86;86219;COLON
856;Co-Put86;86320;ORITO
857;Co-Put86;86568;PUERTO ASIS
858;Co-Put86;86569;PUERTO CAICEDO
859;Co-Put86;86571;PUERTO GUZMAN
860;Co-Put86;86573;PUERTO LEGUIZAMO
861;Co-Put86;86749;SIBUNDOY
862;Co-Put86;86755;SAN FRANCISCO
863;Co-Put86;86757;SAN MIGUEL
864;Co-Put86;86760;SANTIAGO
865;Co-Put86;86865;VALLE DEL GUAMUEZ
866;Co-Put86;86885;VILLAGARZON
867;Co-Qui63;63001;ARMENIA
868;Co-Qui63;63111;BUENAVISTA
869;Co-Qui63;63130;CALARCA
870;Co-Qui63;63190;CIRCASIA
871;Co-Qui63;63212;CORDOBA
872;Co-Qui63;63272;FILANDIA
873;Co-Qui63;63302;GENOVA
874;Co-Qui63;63401;LA TEBAIDA
875;Co-Qui63;63470;MONTENEGRO
876;Co-Qui63;63548;PIJAO
877;Co-Qui63;63594;QUIMBAYA
878;Co-Qui63;63690;SALENTO
879;Co-Ris66;66001;PEREIRA
880;Co-Ris66;66045;APIA
881;Co-Ris66;66075;BALBOA
882;Co-Ris66;66088;BELEN DE UMBRIA
883;Co-Ris66;66170;DOS QUEBRADAS
884;Co-Ris66;66318;GUATICA
885;Co-Ris66;66383;LA CELIA
886;Co-Ris66;66400;LA VIRGINIA
887;Co-Ris66;66440;MARSELLA
888;Co-Ris66;66456;MISTRATO
889;Co-Ris66;66572;PUEBLO RICO
890;Co-Ris66;66594;QUINCHIA
891;Co-Ris66;66682;SANTA ROSA DE CABAL
892;Co-Ris66;66687;SANTUARIO
893;Co-San68;68001;BUCARAMANGA
894;Co-San68;68013;AGUADA
895;Co-San68;68020;ALBANIA
896;Co-San68;68051;ARATOCA
897;Co-San68;68077;BARBOSA
898;Co-San68;68079;BARICHARA
899;Co-San68;68081;BARRANCABERMEJA
900;Co-San68;68092;BETULIA
901;Co-San68;68101;BOLIVAR
902;Co-San68;68121;CABRERA
903;Co-San68;68132;CALIFORNIA
904;Co-San68;68147;CAPITANEJO
905;Co-San68;68152;CARCASI
906;Co-San68;68160;CEPITA
907;Co-San68;68162;CERRITO
908;Co-San68;68167;CHARALA
909;Co-San68;68169;CHARTA
910;Co-San68;68176;CHIMA
911;Co-San68;68179;CHIPATA
912;Co-San68;68190;CIMITARRA
913;Co-San68;68207;CONCEPCION
914;Co-San68;68209;CONFINES
915;Co-San68;68211;CONTRATACION
916;Co-San68;68217;COROMORO
917;Co-San68;68229;CURITI
918;Co-San68;68235;EL CARMEN
919;Co-San68;68245;EL GUACAMAYO
920;Co-San68;68250;EL PEÑON
921;Co-San68;68255;EL PLAYON
922;Co-San68;68264;ENCINO
923;Co-San68;68266;ENCISO
924;Co-San68;68271;FLORIAN
925;Co-San68;68276;FLORIDABLANCA
926;Co-San68;68296;GALAN
927;Co-San68;68298;GAMBITA
928;Co-San68;68306;GIRON
929;Co-San68;68318;GUACA
930;Co-San68;68320;GUADALUPE
931;Co-San68;68322;GUAPOTA
932;Co-San68;68324;GUAVATA
933;Co-San68;68327;GUEPSA
934;Co-San68;68344;HATO
935;Co-San68;68368;JESUS MARIA
936;Co-San68;68370;JORDAN
937;Co-San68;68377;LA BELLEZA
938;Co-San68;68385;LANDAZURI
939;Co-San68;68397;LA PAZ
940;Co-San68;68406;LEBRIJA
941;Co-San68;68418;LOS SANTOS
942;Co-San68;68425;MACARAVITA
943;Co-San68;68432;MALAGA
944;Co-San68;68444;MATANZA
945;Co-San68;68464;MOGOTES
946;Co-San68;68468;MOLAGAVITA
947;Co-San68;68498;OCAMONTE
948;Co-San68;68500;OIBA
949;Co-San68;68502;ONZAGA
950;Co-San68;68522;PALMAR
951;Co-San68;68524;PALMAS DEL SOCORRO
952;Co-San68;68533;PARAMO
953;Co-San68;68547;PIE DE CUESTA
954;Co-San68;68549;PINCHOTE
955;Co-San68;68572;PUENTE NACIONAL
956;Co-San68;68573;PUERTO PARRA
957;Co-San68;68575;PUERTO WILCHES
958;Co-San68;68615;RIO NEGRO
959;Co-San68;68655;SABANA DE TORRES
960;Co-San68;68669;SAN ANDRES
961;Co-San68;68673;SAN BENITO
962;Co-San68;68679;SAN GIL
963;Co-San68;68682;SAN JOAQUIN
964;Co-San68;68684;SAN MIGUEL
965;Co-San68;68686;SAN JOSE DE MIRANDA
966;Co-San68;68689;SAN VICENTE DEL CHUCURI
967;Co-San68;68705;SANTA BARBARA
968;Co-San68;68720;SANTA HELENA DEL OPON
969;Co-San68;68745;SIMACOTA
970;Co-San68;68755;SOCORRO
971;Co-San68;68770;SUAITA
972;Co-San68;68773;SUCRE
973;Co-San68;68780;SURATA
974;Co-San68;68820;TONA
975;Co-San68;68855;VALLE DE SAN JOSE
976;Co-San68;68861;VELEZ
977;Co-San68;68867;VETAS
978;Co-San68;68872;VILLANUEVA
979;Co-San68;68895;ZAPATOCA
980;Co-San88;88564;PROVIDENCIA
981;Co-Suc70;70001;SINCELEJO
982;Co-Suc70;70110;BUENAVISTA
983;Co-Suc70;70124;CAIMITO
984;Co-Suc70;70204;COLOSO (RICAURTE)
985;Co-Suc70;70215;COROZAL
986;Co-Suc70;70221;COVEÑAS
987;Co-Suc70;70230;CHALAN
988;Co-Suc70;70233;EL ROBLE
989;Co-Suc70;70235;GALERAS (NUEVA GRANADA)
990;Co-Suc70;70265;GUARANDA
991;Co-Suc70;70400;LA UNION
992;Co-Suc70;70418;LOS PALMITOS
993;Co-Suc70;70429;MAJAGUAL
994;Co-Suc70;70473;MORROA
995;Co-Suc70;70508;OVEJAS
996;Co-Suc70;70523;PALMITO
997;Co-Suc70;70670;SAMPUES
998;Co-Suc70;70678;SAN BENITO ABAD
999;Co-Suc70;70702;SAN JUAN DE BETULIA
1000;Co-Suc70;70708;SAN MARCOS
1001;Co-Suc70;70713;SAN ONOFRE
1002;Co-Suc70;70717;SAN PEDRO
1003;Co-Suc70;70742;SINCE
1004;Co-Suc70;70771;SUCRE
1005;Co-Suc70;70820;TOLU
1006;Co-Suc70;70823;TOLU VIEJO
1007;Co-Tol73;73001;IBAGUE
1008;Co-Tol73;73024;ALPUJARRA
1009;Co-Tol73;73026;ALVARADO
1010;Co-Tol73;73030;AMBALEMA
1011;Co-Tol73;73043;ANZOATEGUI
1012;Co-Tol73;73055;ARMERO (GUAYABAL)
1013;Co-Tol73;73067;ATACO
1014;Co-Tol73;73124;CAJAMARCA
1015;Co-Tol73;73148;CARMEN DE APICALA
1016;Co-Tol73;73152;CASABIANCA
1017;Co-Tol73;73168;CHAPARRAL
1018;Co-Tol73;73200;COELLO
1019;Co-Tol73;73217;COYAIMA
1020;Co-Tol73;73226;CUNDAY
1021;Co-Tol73;73236;DOLORES
1022;Co-Tol73;73268;ESPINAL
1023;Co-Tol73;73270;FALAN
1024;Co-Tol73;73275;FLANDES
1025;Co-Tol73;73283;FRESNO
1026;Co-Tol73;73319;GUAMO
1027;Co-Tol73;73347;HERVEO
1028;Co-Tol73;73349;HONDA
1029;Co-Tol73;73352;ICONONZO
1030;Co-Tol73;73408;LERIDA
1031;Co-Tol73;73411;LIBANO
1032;Co-Tol73;73443;MARIQUITA
1033;Co-Tol73;73449;MELGAR
1034;Co-Tol73;73461;MURILLO
1035;Co-Tol73;73483;NATAGAIMA
1036;Co-Tol73;73504;ORTEGA
1037;Co-Tol73;73520;PALOCABILDO
1038;Co-Tol73;73547;PIEDRAS
1039;Co-Tol73;73555;PLANADAS
1040;Co-Tol73;73563;PRADO
1041;Co-Tol73;73585;PURIFICACION
1042;Co-Tol73;73616;RIOBLANCO
1043;Co-Tol73;73622;RONCESVALLES
1044;Co-Tol73;73624;ROVIRA
1045;Co-Tol73;73671;SALDAÑA
1046;Co-Tol73;73675;SAN ANTONIO
1047;Co-Tol73;73678;SAN LUIS
1048;Co-Tol73;73686;SANTA ISABEL
1049;Co-Tol73;73770;SUAREZ
1050;Co-Tol73;73854;VALLE DE SAN JUAN
1051;Co-Tol73;73861;VENADILLO
1052;Co-Tol73;73870;VILLAHERMOSA
1053;Co-Tol73;73873;VILLARRICA
1054;Co-Val76;76001;CALI
1055;Co-Val76;76020;ALCALA
1056;Co-Val76;76036;ANDALUCIA
1057;Co-Val76;76041;ANSERMANUEVO
1058;Co-Val76;76054;ARGELIA
1059;Co-Val76;76100;BOLIVAR
1060;Co-Val76;76109;BUENAVENTURA
1061;Co-Val76;76111;BUGA
1062;Co-Val76;76113;BUGALAGRANDE
1063;Co-Val76;76122;CAICEDONIA
1064;Co-Val76;76126;CALIMA (DARIEN)
1065;Co-Val76;76130;CANDELARIA
1066;Co-Val76;76147;CARTAGO
1067;Co-Val76;76233;DAGUA
1068;Co-Val76;76243;EL AGUILA
1069;Co-Val76;76246;EL CAIRO
1070;Co-Val76;76248;EL CERRITO
1071;Co-Val76;76250;EL DOVIO
1072;Co-Val76;76275;FLORIDA
1073;Co-Val76;76306;GINEBRA
1074;Co-Val76;76318;GUACARI
1075;Co-Val76;76364;JAMUNDI
1076;Co-Val76;76400;LA UNION
1077;Co-Val76;76403;LA VICTORIA
1078;Co-Val76;76497;OBANDO
1079;Co-Val76;76520;PALMIRA
1080;Co-Val76;76563;PRADERA
1081;Co-Val76;76606;RESTREPO
1082;Co-Val76;76616;RIOFRIO
1083;Co-Val76;76622;ROLDANILLO
1084;Co-Val76;76670;SAN PEDRO
1085;Co-Val76;76677;LA CUMBRE
1086;Co-Val76;76736;SEVILLA
1087;Co-Val76;76823;TORO
1088;Co-Val76;76828;TRUJILLO
1089;Co-Val76;76834;TULUA
1090;Co-Val76;76845;ULLOA
1091;Co-Val76;76863;VERSALLES
1092;Co-Val76;76869;VIJES
1093;Co-Val76;76890;YOTOCO
1094;Co-Val76;76892;YUMBO
1095;Co-Val76;76895;ZARZAL
1096;Co-Vau97;97001;MITU
1097;Co-Vau97;97161;CARURU
1098;Co-Vau97;97666;TARAIRA
1099;Co-Vic99;99001;PUERTO CARREÑO
1100;Co-Vic99;99524;LA PRIMAVERA
1101;Co-Vic99;99624;SANTA ROSALIA
1102;Co-Vic99;99773;CUMARIBO
