id;id_tarifario;codigo_cups;codigo_diagnostico
1;1;778931;B213
2;1;778931;B217
3;1;778931;B218
4;1;778931;B219
5;1;778931;C000
6;1;778931;C001
7;1;778931;C002
8;1;778931;C003
9;1;778931;C004
10;1;778931;C005
11;1;778931;C006
12;1;778931;C009
13;1;778931;C01
14;1;778931;C020
15;1;778931;C021
16;1;778931;C022
17;1;778931;C023
18;1;778931;C024
19;1;778931;C029
20;1;778931;C030
21;1;778931;C031
22;1;778931;C039
23;1;778931;C040
24;1;778931;C041
25;1;778931;C049
26;1;778931;C050
27;1;778931;C051
28;1;778931;C052
29;1;778931;C059
30;1;778931;C060
31;1;778931;C061
32;1;778931;C062
33;1;778931;C069
34;1;778931;C07
35;1;778931;C080
36;1;778931;C081
37;1;778931;C089
38;1;778931;C090
39;1;778931;C091
40;1;778931;C099
41;1;778931;C100
42;1;778931;C101
43;1;778931;C102
44;1;778931;C103
45;1;778931;C104
46;1;778931;C109
47;1;778931;C110
48;1;778931;C111
49;1;778931;C112
50;1;778931;C113
51;1;778931;C119
52;1;778931;C12
53;1;778931;C130
54;1;778931;C131
55;1;778931;C132
56;1;778931;C139
57;1;778931;C140
58;1;778931;C142
59;1;778931;C150
60;1;778931;C151
61;1;778931;C152
62;1;778931;C153
63;1;778931;C154
64;1;778931;C155
65;1;778931;C159
66;1;778931;C160
67;1;778931;C161
68;1;778931;C162
69;1;778931;C163
70;1;778931;C164
71;1;778931;C165
72;1;778931;C166
73;1;778931;C169
74;1;778931;C170
75;1;778931;C171
76;1;778931;C172
77;1;778931;C173
78;1;778931;C178
79;1;778931;C179
80;1;778931;C180
81;1;778931;C181
82;1;778931;C182
83;1;778931;C183
84;1;778931;C184
85;1;778931;C185
86;1;778931;C186
87;1;778931;C187
88;1;778931;C189
89;1;778931;C19
90;1;778931;C20
91;1;778931;C210
92;1;778931;C211
93;1;778931;C212
94;1;778931;C229
95;1;778931;C23
96;1;778931;C240
97;1;778931;C241
98;1;778931;C249
99;1;778931;C250
100;1;778931;C251
101;1;778931;C252
102;1;778931;C253
103;1;778931;C254
104;1;778931;C257
105;1;778931;C259
106;1;778931;C260
107;1;778931;C261
108;1;778931;C269
109;1;778931;C300
110;1;778931;C301
111;1;778931;C310
112;1;778931;C311
113;1;778931;C312
114;1;778931;C313
115;1;778931;C319
116;1;778931;C320
117;1;778931;C321
118;1;778931;C322
119;1;778931;C323
120;1;778931;C329
121;1;778931;C33
122;1;778931;C340
123;1;778931;C341
124;1;778931;C342
125;1;778931;C343
126;1;778931;C349
127;1;778931;C37
128;1;778931;C380
129;1;778931;C381
130;1;778931;C382
131;1;778931;C383
132;1;778931;C384
133;1;778931;C390
134;1;778931;C399
135;1;778931;C400
136;1;778931;C401
137;1;778931;C402
138;1;778931;C403
139;1;778931;C409
140;1;778931;C410
141;1;778931;C411
142;1;778931;C412
143;1;778931;C413
144;1;778931;C414
145;1;778931;C419
146;1;778931;C440
147;1;778931;C441
148;1;778931;C442
149;1;778931;C443
150;1;778931;C444
151;1;778931;C445
152;1;778931;C446
153;1;778931;C447
154;1;778931;C449
155;1;778931;C470
156;1;778931;C471
157;1;778931;C472
158;1;778931;C473
159;1;778931;C474
160;1;778931;C475
161;1;778931;C476
162;1;778931;C479
163;1;778931;C480
164;1;778931;C481
165;1;778931;C482
166;1;778931;C490
167;1;778931;C491
168;1;778931;C492
169;1;778931;C493
170;1;778931;C494
171;1;778931;C495
172;1;778931;C496
173;1;778931;C499
174;1;778931;C500
175;1;778931;C501
176;1;778931;C502
177;1;778931;C503
178;1;778931;C504
179;1;778931;C505
180;1;778931;C506
181;1;778931;C509
182;1;778931;C510
183;1;778931;C511
184;1;778931;C512
185;1;778931;C519
186;1;778931;C52
187;1;778931;C530
188;1;778931;C531
189;1;778931;C539
190;1;778931;C540
191;1;778931;C541
192;1;778931;C542
193;1;778931;C543
194;1;778931;C549
195;1;778931;C55
196;1;778931;C56
197;1;778931;C570
198;1;778931;C571
199;1;778931;C572
200;1;778931;C573
201;1;778931;C574
202;1;778931;C577
203;1;778931;C579
204;1;778931;C58
205;1;778931;C600
206;1;778931;C601
207;1;778931;C602
208;1;778931;C609
209;1;778931;C61
210;1;778931;C620
211;1;778931;C621
212;1;778931;C629
213;1;778931;C630
214;1;778931;C631
215;1;778931;C632
216;1;778931;C637
217;1;778931;C639
218;1;778931;C64
219;1;778931;C65
220;1;778931;C66
221;1;778931;C670
222;1;778931;C671
223;1;778931;C672
224;1;778931;C673
225;1;778931;C674
226;1;778931;C675
227;1;778931;C676
228;1;778931;C677
229;1;778931;C679
230;1;778931;C680
231;1;778931;C681
232;1;778931;C689
233;1;778931;C690
234;1;778931;C691
235;1;778931;C692
236;1;778931;C693
237;1;778931;C694
238;1;778931;C695
239;1;778931;C696
240;1;778931;C699
241;1;778931;C700
242;1;778931;C701
243;1;778931;C709
244;1;778931;C710
245;1;778931;C711
246;1;778931;C712
247;1;778931;C713
248;1;778931;C714
249;1;778931;C715
250;1;778931;C716
251;1;778931;C717
252;1;778931;C719
253;1;778931;C720
254;1;778931;C721
255;1;778931;C722
256;1;778931;C723
257;1;778931;C724
258;1;778931;C725
259;1;778931;C729
260;1;778931;C73
261;1;778931;C740
262;1;778931;C741
263;1;778931;C749
264;1;778931;C750
265;1;778931;C751
266;1;778931;C752
267;1;778931;C753
268;1;778931;C754
269;1;778931;C755
270;1;778931;C758
271;1;778931;C759
272;1;778931;C760
273;1;778931;C761
274;1;778931;C762
275;1;778931;C763
276;1;778931;C764
277;1;778931;C765
278;1;778931;C767
279;1;778931;C770
280;1;778931;C771
281;1;778931;C772
282;1;778931;C773
283;1;778931;C774
284;1;778931;C775
285;1;778931;C778
286;1;778931;C779
287;1;778931;C780
288;1;778931;C781
289;1;778931;C782
290;1;778931;C783
291;1;778931;C784
292;1;778931;C785
293;1;778931;C786
294;1;778931;C787
295;1;778931;C788
296;1;778931;C790
297;1;778931;C791
298;1;778931;C792
299;1;778931;C793
300;1;778931;C794
301;1;778931;C795
302;1;778931;C796
303;1;778931;C797
304;1;778931;C798
305;1;778931;C80
306;1;778931;C837
307;1;778931;C962
308;1;778931;C967
309;1;778931;C969
310;1;778931;C97
311;1;778931;D100
312;1;778931;D101
313;1;778931;D102
314;1;778931;D103
315;1;778931;D104
316;1;778931;D105
317;1;778931;D106
318;1;778931;D107
319;1;778931;D109
320;1;778931;D110
321;1;778931;D117
322;1;778931;D119
323;1;778931;D120
324;1;778931;D121
325;1;778931;D122
326;1;778931;D123
327;1;778931;D124
328;1;778931;D125
329;1;778931;D126
330;1;778931;D127
331;1;778931;D128
332;1;778931;D129
333;1;778931;D130
334;1;778931;D131
335;1;778931;D132
336;1;778931;D133
337;1;778931;D134
338;1;778931;D135
339;1;778931;D136
340;1;778931;D137
341;1;778931;D139
342;1;778931;D140
343;1;778931;D141
344;1;778931;D142
345;1;778931;D143
346;1;778931;D144
347;1;778931;D150
348;1;778931;D151
349;1;778931;D152
350;1;778931;D157
351;1;778931;D159
352;1;778931;D160
353;1;778931;D161
354;1;778931;D162
355;1;778931;D163
356;1;778931;D164
357;1;778931;D165
358;1;778931;D166
359;1;778931;D167
360;1;778931;D168
361;1;778931;D169
362;1;778931;D170
363;1;778931;D171
364;1;778931;D172
365;1;778931;D173
366;1;778931;D174
367;1;778931;D175
368;1;778931;D176
369;1;778931;D177
370;1;778931;D179
371;1;778931;D190
372;1;778931;D191
373;1;778931;D197
374;1;778931;D199
375;1;778931;D200
376;1;778931;D201
377;1;778931;D210
378;1;778931;D211
379;1;778931;D212
380;1;778931;D213
381;1;778931;D214
382;1;778931;D215
383;1;778931;D216
384;1;778931;D219
385;1;778931;D230
386;1;778931;D231
387;1;778931;D232
388;1;778931;D233
389;1;778931;D234
390;1;778931;D235
391;1;778931;D236
392;1;778931;D237
393;1;778931;D239
394;1;778931;D24
395;1;778931;D260
396;1;778931;D261
397;1;778931;D267
398;1;778931;D269
399;1;778931;D27
400;1;778931;D280
401;1;778931;D281
402;1;778931;D282
403;1;778931;D287
404;1;778931;D289
405;1;778931;D290
406;1;778931;D291
407;1;778931;D292
408;1;778931;D293
409;1;778931;D294
410;1;778931;D297
411;1;778931;D299
412;1;778931;D300
413;1;778931;D301
414;1;778931;D302
415;1;778931;D303
416;1;778931;D304
417;1;778931;D307
418;1;778931;D309
419;1;778931;D310
420;1;778931;D311
421;1;778931;D312
422;1;778931;D313
423;1;778931;D314
424;1;778931;D315
425;1;778931;D316
426;1;778931;D319
427;1;778931;D320
428;1;778931;D321
429;1;778931;D329
430;1;778931;D330
431;1;778931;D331
432;1;778931;D332
433;1;778931;D333
434;1;778931;D334
435;1;778931;D337
436;1;778931;D339
437;1;778931;D34
438;1;778931;D350
439;1;778931;D351
440;1;778931;D352
441;1;778931;D353
442;1;778931;D354
443;1;778931;D355
444;1;778931;D356
445;1;778931;D357
446;1;778931;D358
447;1;778931;D359
448;1;778931;D360
449;1;778931;D361
450;1;778931;D367
451;1;778931;D369
452;1;778931;D370
453;1;778931;D371
454;1;778931;D372
455;1;778931;D373
456;1;778931;D374
457;1;778931;D375
458;1;778931;D376
459;1;778931;D377
460;1;778931;D379
461;1;778931;D380
462;1;778931;D381
463;1;778931;D382
464;1;778931;D383
465;1;778931;D384
466;1;778931;D385
467;1;778931;D386
468;1;778931;D390
469;1;778931;D391
470;1;778931;D392
471;1;778931;D397
472;1;778931;D399
473;1;778931;D400
474;1;778931;D401
475;1;778931;D407
476;1;778931;D409
477;1;778931;D410
478;1;778931;D411
479;1;778931;D412
480;1;778931;D413
481;1;778931;D414
482;1;778931;D417
483;1;778931;D419
484;1;778931;D420
485;1;778931;D421
486;1;778931;D429
487;1;778931;D430
488;1;778931;D431
489;1;778931;D432
490;1;778931;D433
491;1;778931;D434
492;1;778931;D437
493;1;778931;D439
494;1;778931;D440
495;1;778931;D441
496;1;778931;D442
497;1;778931;D443
498;1;778931;D444
499;1;778931;D445
500;1;778931;D446
501;1;778931;D447
502;1;778931;D448
503;1;778931;D449
504;1;778931;D470
505;1;778931;D477
506;1;778931;D479
507;1;778931;D480
508;1;778931;D481
509;1;778931;D482
510;1;778931;D483
511;1;778931;D484
512;1;778931;D485
513;1;778931;D486
514;1;778931;D487
515;1;778931;D489
516;1;778931;O341
517;1;778931;Z031
518;1;778931;Z080
519;1;778931;Z081
520;1;778931;Z082
521;1;778931;Z087
522;1;778931;Z088
523;1;778931;Z089
524;1;778931;Z120
525;1;778931;Z121
526;1;778931;Z122
527;1;778931;Z123
528;1;778931;Z124
529;1;778931;Z125
530;1;778931;Z126
531;1;778931;Z128
532;1;778931;Z129
533;1;778931;Z400
534;1;778931;Z511
535;1;778931;Z800
536;1;778931;Z801
537;1;778931;Z802
538;1;778931;Z803
539;1;778931;Z804
540;1;778931;Z805
541;1;778931;Z807
542;1;778931;Z808
543;1;778931;Z809
544;1;778931;Z850
545;1;778931;Z851
546;1;778931;Z852
547;1;778931;Z853
548;1;778931;Z854
549;1;778931;Z855
550;1;778931;Z857
551;1;778931;Z858
552;1;778931;Z859
553;1;778931;Z860
554;1;120000;H210
555;1;143101;C692
556;1;143101;D312
557;1;143101;H330
558;1;143101;H331
559;1;143101;H332
560;1;143101;H333
561;1;143101;H334
562;1;143101;H335
563;1;143101;H340
564;1;143101;H341
565;1;143101;H342
566;1;143101;H354
567;1;143101;H355
568;1;143101;H357
569;1;143101;H358
570;1;143101;H359
571;1;143101;H368
572;1;143101;Q141
573;1;186200;C301
574;1;502201;C229
575;1;502201;C787
576;1;502201;D134
577;1;502201;D376
578;1;72100;A187
579;1;72100;C740
580;1;72100;C741
581;1;72100;C749
582;1;72100;C797
583;1;72100;D350
584;1;72100;D441
585;1;72100;E278
586;1;72100;E279
587;1;72100;E351
588;1;72100;Q891
589;1;660101;O008
590;1;660101;O009
591;1;660101;O080
592;1;660101;O081
593;1;660101;O082
594;1;660101;O083
595;1;660101;O084
596;1;660101;O085
597;1;660101;O086
598;1;660101;O087
599;1;660101;O088
600;1;660101;O089
601;1;694101;O710
602;1;694101;O711
603;1;750101;O021
604;1;750101;O030
605;1;750101;O031
606;1;750101;O032
607;1;750101;O033
608;1;750101;O034
609;1;750101;O035
610;1;750101;O036
611;1;750101;O037
612;1;750101;O038
613;1;750101;O039
614;1;750101;O040
615;1;750101;O041
616;1;750101;O042
617;1;750101;O043
618;1;750101;O044
619;1;750101;O045
620;1;750101;O046
621;1;750101;O047
622;1;750101;O048
623;1;750101;O049
624;1;750101;O050
625;1;750101;O051
626;1;750101;O052
627;1;750101;O053
628;1;750101;O054
629;1;750101;O055
630;1;750101;O056
631;1;750101;O057
632;1;750101;O058
633;1;750101;O059
634;1;750101;O060
635;1;750101;O061
636;1;750101;O062
637;1;750101;O063
638;1;750101;O064
639;1;750101;O065
640;1;750101;O066
641;1;750101;O067
642;1;750101;O068
643;1;750101;O069
644;1;750101;O070
645;1;750101;O071
646;1;750101;O072
647;1;750101;O073
648;1;750101;O074
649;1;750101;O075
650;1;750101;O076
651;1;750101;O077
652;1;750101;O078
653;1;750101;O079
654;1;750101;O080
655;1;750101;O081
656;1;750101;O082
657;1;750101;O083
658;1;750101;O084
659;1;750101;O085
660;1;750101;O086
661;1;750101;O087
662;1;750101;O088
663;1;750101;O089
664;1;750101;O200
665;1;750101;O311
666;1;660203;O008
667;1;660203;O009
668;1;660203;O080
669;1;660203;O081
670;1;660203;O082
671;1;660203;O083
672;1;660203;O084
673;1;660203;O085
674;1;660203;O086
675;1;660203;O087
676;1;660203;O088
677;1;660203;O089
678;1;660203;O991
679;1;778101;B213
680;1;778101;B217
681;1;778101;B218
682;1;778101;B219
683;1;778101;C000
684;1;778101;C001
685;1;778101;C002
686;1;778101;C003
687;1;778101;C004
688;1;778101;C005
689;1;778101;C006
690;1;778101;C009
691;1;778101;C01
692;1;778101;C020
693;1;778101;C021
694;1;778101;C022
695;1;778101;C023
696;1;778101;C024
697;1;778101;C029
698;1;778101;C030
699;1;778101;C031
700;1;778101;C039
701;1;778101;C040
702;1;778101;C041
703;1;778101;C049
704;1;778101;C050
705;1;778101;C051
706;1;778101;C052
707;1;778101;C059
708;1;778101;C060
709;1;778101;C061
710;1;778101;C062
711;1;778101;C069
712;1;778101;C07
713;1;778101;C080
714;1;778101;C081
715;1;778101;C089
716;1;778101;C090
717;1;778101;C091
718;1;778101;C099
719;1;778101;C100
720;1;778101;C101
721;1;778101;C102
722;1;778101;C103
723;1;778101;C104
724;1;778101;C109
725;1;778101;C110
726;1;778101;C111
727;1;778101;C112
728;1;778101;C113
729;1;778101;C119
730;1;778101;C12
731;1;778101;C130
732;1;778101;C131
733;1;778101;C132
734;1;778101;C139
735;1;778101;C140
736;1;778101;C142
737;1;778101;C150
738;1;778101;C151
739;1;778101;C152
740;1;778101;C153
741;1;778101;C154
742;1;778101;C155
743;1;778101;C159
744;1;778101;C160
745;1;778101;C161
746;1;778101;C162
747;1;778101;C163
748;1;778101;C164
749;1;778101;C165
750;1;778101;C166
751;1;778101;C169
752;1;778101;C170
753;1;778101;C171
754;1;778101;C172
755;1;778101;C173
756;1;778101;C178
757;1;778101;C179
758;1;778101;C180
759;1;778101;C181
760;1;778101;C182
761;1;778101;C183
762;1;778101;C184
763;1;778101;C185
764;1;778101;C186
765;1;778101;C187
766;1;778101;C189
767;1;778101;C19
768;1;778101;C20
769;1;778101;C210
770;1;778101;C211
771;1;778101;C212
772;1;778101;C229
773;1;778101;C23
774;1;778101;C240
775;1;778101;C241
776;1;778101;C249
777;1;778101;C250
778;1;778101;C251
779;1;778101;C252
780;1;778101;C253
781;1;778101;C254
782;1;778101;C257
783;1;778101;C259
784;1;778101;C260
785;1;778101;C261
786;1;778101;C269
787;1;778101;C300
788;1;778101;C301
789;1;778101;C310
790;1;778101;C311
791;1;778101;C312
792;1;778101;C313
793;1;778101;C319
794;1;778101;C320
795;1;778101;C321
796;1;778101;C322
797;1;778101;C323
798;1;778101;C329
799;1;778101;C33
800;1;778101;C340
801;1;778101;C341
802;1;778101;C342
803;1;778101;C343
804;1;778101;C349
805;1;778101;C37
806;1;778101;C380
807;1;778101;C381
808;1;778101;C382
809;1;778101;C383
810;1;778101;C384
811;1;778101;C390
812;1;778101;C399
813;1;778101;C400
814;1;778101;C401
815;1;778101;C402
816;1;778101;C403
817;1;778101;C409
818;1;778101;C410
819;1;778101;C411
820;1;778101;C412
821;1;778101;C413
822;1;778101;C414
823;1;778101;C419
824;1;778101;C440
825;1;778101;C441
826;1;778101;C442
827;1;778101;C443
828;1;778101;C444
829;1;778101;C445
830;1;778101;C446
831;1;778101;C447
832;1;778101;C449
833;1;778101;C470
834;1;778101;C471
835;1;778101;C472
836;1;778101;C473
837;1;778101;C474
838;1;778101;C475
839;1;778101;C476
840;1;778101;C479
841;1;778101;C480
842;1;778101;C481
843;1;778101;C482
844;1;778101;C490
845;1;778101;C491
846;1;778101;C492
847;1;778101;C493
848;1;778101;C494
849;1;778101;C495
850;1;778101;C496
851;1;778101;C499
852;1;778101;C500
853;1;778101;C501
854;1;778101;C502
855;1;778101;C503
856;1;778101;C504
857;1;778101;C505
858;1;778101;C506
859;1;778101;C509
860;1;778101;C510
861;1;778101;C511
862;1;778101;C512
863;1;778101;C519
864;1;778101;C52
865;1;778101;C530
866;1;778101;C531
867;1;778101;C539
868;1;778101;C540
869;1;778101;C541
870;1;778101;C542
871;1;778101;C543
872;1;778101;C549
873;1;778101;C55
874;1;778101;C56
875;1;778101;C570
876;1;778101;C571
877;1;778101;C572
878;1;778101;C573
879;1;778101;C574
880;1;778101;C577
881;1;778101;C579
882;1;778101;C58
883;1;778101;C600
884;1;778101;C601
885;1;778101;C602
886;1;778101;C609
887;1;778101;C61
888;1;778101;C620
889;1;778101;C621
890;1;778101;C629
891;1;778101;C630
892;1;778101;C631
893;1;778101;C632
894;1;778101;C637
895;1;778101;C639
896;1;778101;C64
897;1;778101;C65
898;1;778101;C66
899;1;778101;C670
900;1;778101;C671
901;1;778101;C672
902;1;778101;C673
903;1;778101;C674
904;1;778101;C675
905;1;778101;C676
906;1;778101;C677
907;1;778101;C679
908;1;778101;C680
909;1;778101;C681
910;1;778101;C689
911;1;778101;C690
912;1;778101;C691
913;1;778101;C692
914;1;778101;C693
915;1;778101;C694
916;1;778101;C695
917;1;778101;C696
918;1;778101;C699
919;1;778101;C700
920;1;778101;C701
921;1;778101;C709
922;1;778101;C710
923;1;778101;C711
924;1;778101;C712
925;1;778101;C713
926;1;778101;C714
927;1;778101;C715
928;1;778101;C716
929;1;778101;C717
930;1;778101;C719
931;1;778101;C720
932;1;778101;C721
933;1;778101;C722
934;1;778101;C723
935;1;778101;C724
936;1;778101;C725
937;1;778101;C729
938;1;778101;C73
939;1;778101;C740
940;1;778101;C741
941;1;778101;C749
942;1;778101;C750
943;1;778101;C751
944;1;778101;C752
945;1;778101;C753
946;1;778101;C754
947;1;778101;C755
948;1;778101;C758
949;1;778101;C759
950;1;778101;C760
951;1;778101;C761
952;1;778101;C762
953;1;778101;C763
954;1;778101;C764
955;1;778101;C765
956;1;778101;C767
957;1;778101;C770
958;1;778101;C771
959;1;778101;C772
960;1;778101;C773
961;1;778101;C774
962;1;778101;C775
963;1;778101;C778
964;1;778101;C779
965;1;778101;C780
966;1;778101;C781
967;1;778101;C782
968;1;778101;C783
969;1;778101;C784
970;1;778101;C785
971;1;778101;C786
972;1;778101;C787
973;1;778101;C788
974;1;778101;C790
975;1;778101;C791
976;1;778101;C792
977;1;778101;C793
978;1;778101;C794
979;1;778101;C795
980;1;778101;C796
981;1;778101;C797
982;1;778101;C798
983;1;778101;C80
984;1;778101;C837
985;1;778101;C962
986;1;778101;C967
987;1;778101;C969
988;1;778101;C97
989;1;778101;D100
990;1;778101;D101
991;1;778101;D102
992;1;778101;D103
993;1;778101;D104
994;1;778101;D105
995;1;778101;D106
996;1;778101;D107
997;1;778101;D109
998;1;778101;D110
999;1;778101;D117
1000;1;778101;D119
1001;1;778101;D120
1002;1;778101;D121
1003;1;778101;D122
1004;1;778101;D123
1005;1;778101;D124
1006;1;778101;D125
1007;1;778101;D126
1008;1;778101;D127
1009;1;778101;D128
1010;1;778101;D129
1011;1;778101;D130
1012;1;778101;D131
1013;1;778101;D132
1014;1;778101;D133
1015;1;778101;D134
1016;1;778101;D135
1017;1;778101;D136
1018;1;778101;D137
1019;1;778101;D139
1020;1;778101;D140
1021;1;778101;D141
1022;1;778101;D142
1023;1;778101;D143
1024;1;778101;D144
1025;1;778101;D150
1026;1;778101;D151
1027;1;778101;D152
1028;1;778101;D157
1029;1;778101;D159
1030;1;778101;D160
1031;1;778101;D161
1032;1;778101;D162
1033;1;778101;D163
1034;1;778101;D164
1035;1;778101;D165
1036;1;778101;D166
1037;1;778101;D167
1038;1;778101;D168
1039;1;778101;D169
1040;1;778101;D170
1041;1;778101;D171
1042;1;778101;D172
1043;1;778101;D173
1044;1;778101;D174
1045;1;778101;D175
1046;1;778101;D176
1047;1;778101;D177
1048;1;778101;D179
1049;1;778101;D190
1050;1;778101;D191
1051;1;778101;D197
1052;1;778101;D199
1053;1;778101;D200
1054;1;778101;D201
1055;1;778101;D210
1056;1;778101;D211
1057;1;778101;D212
1058;1;778101;D213
1059;1;778101;D214
1060;1;778101;D215
1061;1;778101;D216
1062;1;778101;D219
1063;1;778101;D230
1064;1;778101;D231
1065;1;778101;D232
1066;1;778101;D233
1067;1;778101;D234
1068;1;778101;D235
1069;1;778101;D236
1070;1;778101;D237
1071;1;778101;D239
1072;1;778101;D24
1073;1;778101;D260
1074;1;778101;D261
1075;1;778101;D267
1076;1;778101;D269
1077;1;778101;D27
1078;1;778101;D280
1079;1;778101;D281
1080;1;778101;D282
1081;1;778101;D287
1082;1;778101;D289
1083;1;778101;D290
1084;1;778101;D291
1085;1;778101;D292
1086;1;778101;D293
1087;1;778101;D294
1088;1;778101;D297
1089;1;778101;D299
1090;1;778101;D300
1091;1;778101;D301
1092;1;778101;D302
1093;1;778101;D303
1094;1;778101;D304
1095;1;778101;D307
1096;1;778101;D309
1097;1;778101;D310
1098;1;778101;D311
1099;1;778101;D312
1100;1;778101;D313
1101;1;778101;D314
1102;1;778101;D315
1103;1;778101;D316
1104;1;778101;D319
1105;1;778101;D320
1106;1;778101;D321
1107;1;778101;D329
1108;1;778101;D330
1109;1;778101;D331
1110;1;778101;D332
1111;1;778101;D333
1112;1;778101;D334
1113;1;778101;D337
1114;1;778101;D339
1115;1;778101;D34
1116;1;778101;D350
1117;1;778101;D351
1118;1;778101;D352
1119;1;778101;D353
1120;1;778101;D354
1121;1;778101;D355
1122;1;778101;D356
1123;1;778101;D357
1124;1;778101;D358
1125;1;778101;D359
1126;1;778101;D360
1127;1;778101;D361
1128;1;778101;D367
1129;1;778101;D369
1130;1;778101;D370
1131;1;778101;D371
1132;1;778101;D372
1133;1;778101;D373
1134;1;778101;D374
1135;1;778101;D375
1136;1;778101;D376
1137;1;778101;D377
1138;1;778101;D379
1139;1;778101;D380
1140;1;778101;D381
1141;1;778101;D382
1142;1;778101;D383
1143;1;778101;D384
1144;1;778101;D385
1145;1;778101;D386
1146;1;778101;D390
1147;1;778101;D391
1148;1;778101;D392
1149;1;778101;D397
1150;1;778101;D399
1151;1;778101;D400
1152;1;778101;D401
1153;1;778101;D407
1154;1;778101;D409
1155;1;778101;D410
1156;1;778101;D411
1157;1;778101;D412
1158;1;778101;D413
1159;1;778101;D414
1160;1;778101;D417
1161;1;778101;D419
1162;1;778101;D420
1163;1;778101;D421
1164;1;778101;D429
1165;1;778101;D430
1166;1;778101;D431
1167;1;778101;D432
1168;1;778101;D433
1169;1;778101;D434
1170;1;778101;D437
1171;1;778101;D439
1172;1;778101;D440
1173;1;778101;D441
1174;1;778101;D442
1175;1;778101;D443
1176;1;778101;D444
1177;1;778101;D445
1178;1;778101;D446
1179;1;778101;D447
1180;1;778101;D448
1181;1;778101;D449
1182;1;778101;D470
1183;1;778101;D477
1184;1;778101;D479
1185;1;778101;D480
1186;1;778101;D481
1187;1;778101;D482
1188;1;778101;D483
1189;1;778101;D484
1190;1;778101;D485
1191;1;778101;D486
1192;1;778101;D487
1193;1;778101;D489
1194;1;778101;O341
1195;1;778101;Z031
1196;1;778101;Z080
1197;1;778101;Z081
1198;1;778101;Z082
1199;1;778101;Z087
1200;1;778101;Z088
1201;1;778101;Z089
1202;1;778101;Z120
1203;1;778101;Z121
1204;1;778101;Z122
1205;1;778101;Z123
1206;1;778101;Z124
1207;1;778101;Z125
1208;1;778101;Z126
1209;1;778101;Z128
1210;1;778101;Z129
1211;1;778101;Z400
1212;1;778101;Z511
1213;1;778101;Z800
1214;1;778101;Z801
1215;1;778101;Z802
1216;1;778101;Z803
1217;1;778101;Z804
1218;1;778101;Z805
1219;1;778101;Z807
1220;1;778101;Z808
1221;1;778101;Z809
1222;1;778101;Z850
1223;1;778101;Z851
1224;1;778101;Z852
1225;1;778101;Z853
1226;1;778101;Z854
1227;1;778101;Z855
1228;1;778101;Z857
1229;1;778101;Z858
1230;1;778101;Z859
1231;1;778101;Z860
1232;1;778306;B213
1233;1;778306;B217
1234;1;778306;B218
1235;1;778306;B219
1236;1;778306;C000
1237;1;778306;C001
1238;1;778306;C002
1239;1;778306;C003
1240;1;778306;C004
1241;1;778306;C005
1242;1;778306;C006
1243;1;778306;C009
1244;1;778306;C01
1245;1;778306;C020
1246;1;778306;C021
1247;1;778306;C022
1248;1;778306;C023
1249;1;778306;C024
1250;1;778306;C029
1251;1;778306;C030
1252;1;778306;C031
1253;1;778306;C039
1254;1;778306;C040
1255;1;778306;C041
1256;1;778306;C049
1257;1;778306;C050
1258;1;778306;C051
1259;1;778306;C052
1260;1;778306;C059
1261;1;778306;C060
1262;1;778306;C061
1263;1;778306;C062
1264;1;778306;C069
1265;1;778306;C07
1266;1;778306;C080
1267;1;778306;C081
1268;1;778306;C089
1269;1;778306;C090
1270;1;778306;C091
1271;1;778306;C099
1272;1;778306;C100
1273;1;778306;C101
1274;1;778306;C102
1275;1;778306;C103
1276;1;778306;C104
1277;1;778306;C109
1278;1;778306;C110
1279;1;778306;C111
1280;1;778306;C112
1281;1;778306;C113
1282;1;778306;C119
1283;1;778306;C12
1284;1;778306;C130
1285;1;778306;C131
1286;1;778306;C132
1287;1;778306;C139
1288;1;778306;C140
1289;1;778306;C142
1290;1;778306;C150
1291;1;778306;C151
1292;1;778306;C152
1293;1;778306;C153
1294;1;778306;C154
1295;1;778306;C155
1296;1;778306;C159
1297;1;778306;C160
1298;1;778306;C161
1299;1;778306;C162
1300;1;778306;C163
1301;1;778306;C164
1302;1;778306;C165
1303;1;778306;C166
1304;1;778306;C169
1305;1;778306;C170
1306;1;778306;C171
1307;1;778306;C172
1308;1;778306;C173
1309;1;778306;C178
1310;1;778306;C179
1311;1;778306;C180
1312;1;778306;C181
1313;1;778306;C182
1314;1;778306;C183
1315;1;778306;C184
1316;1;778306;C185
1317;1;778306;C186
1318;1;778306;C187
1319;1;778306;C189
1320;1;778306;C19
1321;1;778306;C20
1322;1;778306;C210
1323;1;778306;C211
1324;1;778306;C212
1325;1;778306;C229
1326;1;778306;C23
1327;1;778306;C240
1328;1;778306;C241
1329;1;778306;C249
1330;1;778306;C250
1331;1;778306;C251
1332;1;778306;C252
1333;1;778306;C253
1334;1;778306;C254
1335;1;778306;C257
1336;1;778306;C259
1337;1;778306;C260
1338;1;778306;C261
1339;1;778306;C269
1340;1;778306;C300
1341;1;778306;C301
1342;1;778306;C310
1343;1;778306;C311
1344;1;778306;C312
1345;1;778306;C313
1346;1;778306;C319
1347;1;778306;C320
1348;1;778306;C321
1349;1;778306;C322
1350;1;778306;C323
1351;1;778306;C329
1352;1;778306;C33
1353;1;778306;C340
1354;1;778306;C341
1355;1;778306;C342
1356;1;778306;C343
1357;1;778306;C349
1358;1;778306;C37
1359;1;778306;C380
1360;1;778306;C381
1361;1;778306;C382
1362;1;778306;C383
1363;1;778306;C384
1364;1;778306;C390
1365;1;778306;C399
1366;1;778306;C400
1367;1;778306;C401
1368;1;778306;C402
1369;1;778306;C403
1370;1;778306;C409
1371;1;778306;C410
1372;1;778306;C411
1373;1;778306;C412
1374;1;778306;C413
1375;1;778306;C414
1376;1;778306;C419
1377;1;778306;C440
1378;1;778306;C441
1379;1;778306;C442
1380;1;778306;C443
1381;1;778306;C444
1382;1;778306;C445
1383;1;778306;C446
1384;1;778306;C447
1385;1;778306;C449
1386;1;778306;C470
1387;1;778306;C471
1388;1;778306;C472
1389;1;778306;C473
1390;1;778306;C474
1391;1;778306;C475
1392;1;778306;C476
1393;1;778306;C479
1394;1;778306;C480
1395;1;778306;C481
1396;1;778306;C482
1397;1;778306;C490
1398;1;778306;C491
1399;1;778306;C492
1400;1;778306;C493
1401;1;778306;C494
1402;1;778306;C495
1403;1;778306;C496
1404;1;778306;C499
1405;1;778306;C500
1406;1;778306;C501
1407;1;778306;C502
1408;1;778306;C503
1409;1;778306;C504
1410;1;778306;C505
1411;1;778306;C506
1412;1;778306;C509
1413;1;778306;C510
1414;1;778306;C511
1415;1;778306;C512
1416;1;778306;C519
1417;1;778306;C52
1418;1;778306;C530
1419;1;778306;C531
1420;1;778306;C539
1421;1;778306;C540
1422;1;778306;C541
1423;1;778306;C542
1424;1;778306;C543
1425;1;778306;C549
1426;1;778306;C55
1427;1;778306;C56
1428;1;778306;C570
1429;1;778306;C571
1430;1;778306;C572
1431;1;778306;C573
1432;1;778306;C574
1433;1;778306;C577
1434;1;778306;C579
1435;1;778306;C58
1436;1;778306;C600
1437;1;778306;C601
1438;1;778306;C602
1439;1;778306;C609
1440;1;778306;C61
1441;1;778306;C620
1442;1;778306;C621
1443;1;778306;C629
1444;1;778306;C630
1445;1;778306;C631
1446;1;778306;C632
1447;1;778306;C637
1448;1;778306;C639
1449;1;778306;C64
1450;1;778306;C65
1451;1;778306;C66
1452;1;778306;C670
1453;1;778306;C671
1454;1;778306;C672
1455;1;778306;C673
1456;1;778306;C674
1457;1;778306;C675
1458;1;778306;C676
1459;1;778306;C677
1460;1;778306;C679
1461;1;778306;C680
1462;1;778306;C681
1463;1;778306;C689
1464;1;778306;C690
1465;1;778306;C691
1466;1;778306;C692
1467;1;778306;C693
1468;1;778306;C694
1469;1;778306;C695
1470;1;778306;C696
1471;1;778306;C699
1472;1;778306;C700
1473;1;778306;C701
1474;1;778306;C709
1475;1;778306;C710
1476;1;778306;C711
1477;1;778306;C712
1478;1;778306;C713
1479;1;778306;C714
1480;1;778306;C715
1481;1;778306;C716
1482;1;778306;C717
1483;1;778306;C719
1484;1;778306;C720
1485;1;778306;C721
1486;1;778306;C722
1487;1;778306;C723
1488;1;778306;C724
1489;1;778306;C725
1490;1;778306;C729
1491;1;778306;C73
1492;1;778306;C740
1493;1;778306;C741
1494;1;778306;C749
1495;1;778306;C750
1496;1;778306;C751
1497;1;778306;C752
1498;1;778306;C753
1499;1;778306;C754
1500;1;778306;C755
1501;1;778306;C758
1502;1;778306;C759
1503;1;778306;C760
1504;1;778306;C761
1505;1;778306;C762
1506;1;778306;C763
1507;1;778306;C764
1508;1;778306;C765
1509;1;778306;C767
1510;1;778306;C770
1511;1;778306;C771
1512;1;778306;C772
1513;1;778306;C773
1514;1;778306;C774
1515;1;778306;C775
1516;1;778306;C778
1517;1;778306;C779
1518;1;778306;C780
1519;1;778306;C781
1520;1;778306;C782
1521;1;778306;C783
1522;1;778306;C784
1523;1;778306;C785
1524;1;778306;C786
1525;1;778306;C787
1526;1;778306;C788
1527;1;778306;C790
1528;1;778306;C791
1529;1;778306;C792
1530;1;778306;C793
1531;1;778306;C794
1532;1;778306;C795
1533;1;778306;C796
1534;1;778306;C797
1535;1;778306;C798
1536;1;778306;C80
1537;1;778306;C837
1538;1;778306;C962
1539;1;778306;C967
1540;1;778306;C969
1541;1;778306;C97
1542;1;778306;D100
1543;1;778306;D101
1544;1;778306;D102
1545;1;778306;D103
1546;1;778306;D104
1547;1;778306;D105
1548;1;778306;D106
1549;1;778306;D107
1550;1;778306;D109
1551;1;778306;D110
1552;1;778306;D117
1553;1;778306;D119
1554;1;778306;D120
1555;1;778306;D121
1556;1;778306;D122
1557;1;778306;D123
1558;1;778306;D124
1559;1;778306;D125
1560;1;778306;D126
1561;1;778306;D127
1562;1;778306;D128
1563;1;778306;D129
1564;1;778306;D130
1565;1;778306;D131
1566;1;778306;D132
1567;1;778306;D133
1568;1;778306;D134
1569;1;778306;D135
1570;1;778306;D136
1571;1;778306;D137
1572;1;778306;D139
1573;1;778306;D140
1574;1;778306;D141
1575;1;778306;D142
1576;1;778306;D143
1577;1;778306;D144
1578;1;778306;D150
1579;1;778306;D151
1580;1;778306;D152
1581;1;778306;D157
1582;1;778306;D159
1583;1;778306;D160
1584;1;778306;D161
1585;1;778306;D162
1586;1;778306;D163
1587;1;778306;D164
1588;1;778306;D165
1589;1;778306;D166
1590;1;778306;D167
1591;1;778306;D168
1592;1;778306;D169
1593;1;778306;D170
1594;1;778306;D171
1595;1;778306;D172
1596;1;778306;D173
1597;1;778306;D174
1598;1;778306;D175
1599;1;778306;D176
1600;1;778306;D177
1601;1;778306;D179
1602;1;778306;D190
1603;1;778306;D191
1604;1;778306;D197
1605;1;778306;D199
1606;1;778306;D200
1607;1;778306;D201
1608;1;778306;D210
1609;1;778306;D211
1610;1;778306;D212
1611;1;778306;D213
1612;1;778306;D214
1613;1;778306;D215
1614;1;778306;D216
1615;1;778306;D219
1616;1;778306;D230
1617;1;778306;D231
1618;1;778306;D232
1619;1;778306;D233
1620;1;778306;D234
1621;1;778306;D235
1622;1;778306;D236
1623;1;778306;D237
1624;1;778306;D239
1625;1;778306;D24
1626;1;778306;D260
1627;1;778306;D261
1628;1;778306;D267
1629;1;778306;D269
1630;1;778306;D27
1631;1;778306;D280
1632;1;778306;D281
1633;1;778306;D282
1634;1;778306;D287
1635;1;778306;D289
1636;1;778306;D290
1637;1;778306;D291
1638;1;778306;D292
1639;1;778306;D293
1640;1;778306;D294
1641;1;778306;D297
1642;1;778306;D299
1643;1;778306;D300
1644;1;778306;D301
1645;1;778306;D302
1646;1;778306;D303
1647;1;778306;D304
1648;1;778306;D307
1649;1;778306;D309
1650;1;778306;D310
1651;1;778306;D311
1652;1;778306;D312
1653;1;778306;D313
1654;1;778306;D314
1655;1;778306;D315
1656;1;778306;D316
1657;1;778306;D319
1658;1;778306;D320
1659;1;778306;D321
1660;1;778306;D329
1661;1;778306;D330
1662;1;778306;D331
1663;1;778306;D332
1664;1;778306;D333
1665;1;778306;D334
1666;1;778306;D337
1667;1;778306;D339
1668;1;778306;D34
1669;1;778306;D350
1670;1;778306;D351
1671;1;778306;D352
1672;1;778306;D353
1673;1;778306;D354
1674;1;778306;D355
1675;1;778306;D356
1676;1;778306;D357
1677;1;778306;D358
1678;1;778306;D359
1679;1;778306;D360
1680;1;778306;D361
1681;1;778306;D367
1682;1;778306;D369
1683;1;778306;D370
1684;1;778306;D371
1685;1;778306;D372
1686;1;778306;D373
1687;1;778306;D374
1688;1;778306;D375
1689;1;778306;D376
1690;1;778306;D377
1691;1;778306;D379
1692;1;778306;D380
1693;1;778306;D381
1694;1;778306;D382
1695;1;778306;D383
1696;1;778306;D384
1697;1;778306;D385
1698;1;778306;D386
1699;1;778306;D390
1700;1;778306;D391
1701;1;778306;D392
1702;1;778306;D397
1703;1;778306;D399
1704;1;778306;D400
1705;1;778306;D401
1706;1;778306;D407
1707;1;778306;D409
1708;1;778306;D410
1709;1;778306;D411
1710;1;778306;D412
1711;1;778306;D413
1712;1;778306;D414
1713;1;778306;D417
1714;1;778306;D419
1715;1;778306;D420
1716;1;778306;D421
1717;1;778306;D429
1718;1;778306;D430
1719;1;778306;D431
1720;1;778306;D432
1721;1;778306;D433
1722;1;778306;D434
1723;1;778306;D437
1724;1;778306;D439
1725;1;778306;D440
1726;1;778306;D441
1727;1;778306;D442
1728;1;778306;D443
1729;1;778306;D444
1730;1;778306;D445
1731;1;778306;D446
1732;1;778306;D447
1733;1;778306;D448
1734;1;778306;D449
1735;1;778306;D470
1736;1;778306;D477
1737;1;778306;D479
1738;1;778306;D480
1739;1;778306;D481
1740;1;778306;D482
1741;1;778306;D483
1742;1;778306;D484
1743;1;778306;D485
1744;1;778306;D486
1745;1;778306;D487
1746;1;778306;D489
1747;1;778306;O341
1748;1;778306;Z031
1749;1;778306;Z080
1750;1;778306;Z081
1751;1;778306;Z082
1752;1;778306;Z087
1753;1;778306;Z088
1754;1;778306;Z089
1755;1;778306;Z120
1756;1;778306;Z121
1757;1;778306;Z122
1758;1;778306;Z123
1759;1;778306;Z124
1760;1;778306;Z125
1761;1;778306;Z126
1762;1;778306;Z128
1763;1;778306;Z129
1764;1;778306;Z400
1765;1;778306;Z511
1766;1;778306;Z800
1767;1;778306;Z801
1768;1;778306;Z802
1769;1;778306;Z803
1770;1;778306;Z804
1771;1;778306;Z805
1772;1;778306;Z807
1773;1;778306;Z808
1774;1;778306;Z809
1775;1;778306;Z850
1776;1;778306;Z851
1777;1;778306;Z852
1778;1;778306;Z853
1779;1;778306;Z854
1780;1;778306;Z855
1781;1;778306;Z857
1782;1;778306;Z858
1783;1;778306;Z859
1784;1;778306;Z860
1785;1;778921;B213
1786;1;778921;B217
1787;1;778921;B218
1788;1;778921;B219
1789;1;778921;C000
1790;1;778921;C001
1791;1;778921;C002
1792;1;778921;C003
1793;1;778921;C004
1794;1;778921;C005
1795;1;778921;C006
1796;1;778921;C009
1797;1;778921;C01
1798;1;778921;C020
1799;1;778921;C021
1800;1;778921;C022
1801;1;778921;C023
1802;1;778921;C024
1803;1;778921;C029
1804;1;778921;C030
1805;1;778921;C031
1806;1;778921;C039
1807;1;778921;C040
1808;1;778921;C041
1809;1;778921;C049
1810;1;778921;C050
1811;1;778921;C051
1812;1;778921;C052
1813;1;778921;C059
1814;1;778921;C060
1815;1;778921;C061
1816;1;778921;C062
1817;1;778921;C069
1818;1;778921;C07
1819;1;778921;C080
1820;1;778921;C081
1821;1;778921;C089
1822;1;778921;C090
1823;1;778921;C091
1824;1;778921;C099
1825;1;778921;C100
1826;1;778921;C101
1827;1;778921;C102
1828;1;778921;C103
1829;1;778921;C104
1830;1;778921;C109
1831;1;778921;C110
1832;1;778921;C111
1833;1;778921;C112
1834;1;778921;C113
1835;1;778921;C119
1836;1;778921;C12
1837;1;778921;C130
1838;1;778921;C131
1839;1;778921;C132
1840;1;778921;C139
1841;1;778921;C140
1842;1;778921;C142
1843;1;778921;C150
1844;1;778921;C151
1845;1;778921;C152
1846;1;778921;C153
1847;1;778921;C154
1848;1;778921;C155
1849;1;778921;C159
1850;1;778921;C160
1851;1;778921;C161
1852;1;778921;C162
1853;1;778921;C163
1854;1;778921;C164
1855;1;778921;C165
1856;1;778921;C166
1857;1;778921;C169
1858;1;778921;C170
1859;1;778921;C171
1860;1;778921;C172
1861;1;778921;C173
1862;1;778921;C178
1863;1;778921;C179
1864;1;778921;C180
1865;1;778921;C181
1866;1;778921;C182
1867;1;778921;C183
1868;1;778921;C184
1869;1;778921;C185
1870;1;778921;C186
1871;1;778921;C187
1872;1;778921;C189
1873;1;778921;C19
1874;1;778921;C20
1875;1;778921;C210
1876;1;778921;C211
1877;1;778921;C212
1878;1;778921;C229
1879;1;778921;C23
1880;1;778921;C240
1881;1;778921;C241
1882;1;778921;C249
1883;1;778921;C250
1884;1;778921;C251
1885;1;778921;C252
1886;1;778921;C253
1887;1;778921;C254
1888;1;778921;C257
1889;1;778921;C259
1890;1;778921;C260
1891;1;778921;C261
1892;1;778921;C269
1893;1;778921;C300
1894;1;778921;C301
1895;1;778921;C310
1896;1;778921;C311
1897;1;778921;C312
1898;1;778921;C313
1899;1;778921;C319
1900;1;778921;C320
1901;1;778921;C321
1902;1;778921;C322
1903;1;778921;C323
1904;1;778921;C329
1905;1;778921;C33
1906;1;778921;C340
1907;1;778921;C341
1908;1;778921;C342
1909;1;778921;C343
1910;1;778921;C349
1911;1;778921;C37
1912;1;778921;C380
1913;1;778921;C381
1914;1;778921;C382
1915;1;778921;C383
1916;1;778921;C384
1917;1;778921;C390
1918;1;778921;C399
1919;1;778921;C400
1920;1;778921;C401
1921;1;778921;C402
1922;1;778921;C403
1923;1;778921;C409
1924;1;778921;C410
1925;1;778921;C411
1926;1;778921;C412
1927;1;778921;C413
1928;1;778921;C414
1929;1;778921;C419
1930;1;778921;C440
1931;1;778921;C441
1932;1;778921;C442
1933;1;778921;C443
1934;1;778921;C444
1935;1;778921;C445
1936;1;778921;C446
1937;1;778921;C447
1938;1;778921;C449
1939;1;778921;C470
1940;1;778921;C471
1941;1;778921;C472
1942;1;778921;C473
1943;1;778921;C474
1944;1;778921;C475
1945;1;778921;C476
1946;1;778921;C479
1947;1;778921;C480
1948;1;778921;C481
1949;1;778921;C482
1950;1;778921;C490
1951;1;778921;C491
1952;1;778921;C492
1953;1;778921;C493
1954;1;778921;C494
1955;1;778921;C495
1956;1;778921;C496
1957;1;778921;C499
1958;1;778921;C500
1959;1;778921;C501
1960;1;778921;C502
1961;1;778921;C503
1962;1;778921;C504
1963;1;778921;C505
1964;1;778921;C506
1965;1;778921;C509
1966;1;778921;C510
1967;1;778921;C511
1968;1;778921;C512
1969;1;778921;C519
1970;1;778921;C52
1971;1;778921;C530
1972;1;778921;C531
1973;1;778921;C539
1974;1;778921;C540
1975;1;778921;C541
1976;1;778921;C542
1977;1;778921;C543
1978;1;778921;C549
1979;1;778921;C55
1980;1;778921;C56
1981;1;778921;C570
1982;1;778921;C571
1983;1;778921;C572
1984;1;778921;C573
1985;1;778921;C574
1986;1;778921;C577
1987;1;778921;C579
1988;1;778921;C58
1989;1;778921;C600
1990;1;778921;C601
1991;1;778921;C602
1992;1;778921;C609
1993;1;778921;C61
1994;1;778921;C620
1995;1;778921;C621
1996;1;778921;C629
1997;1;778921;C630
1998;1;778921;C631
1999;1;778921;C632
2000;1;778921;C637
2001;1;778921;C639
2002;1;778921;C64
2003;1;778921;C65
2004;1;778921;C66
2005;1;778921;C670
2006;1;778921;C671
2007;1;778921;C672
2008;1;778921;C673
2009;1;778921;C674
2010;1;778921;C675
2011;1;778921;C676
2012;1;778921;C677
2013;1;778921;C679
2014;1;778921;C680
2015;1;778921;C681
2016;1;778921;C689
2017;1;778921;C690
2018;1;778921;C691
2019;1;778921;C692
2020;1;778921;C693
2021;1;778921;C694
2022;1;778921;C695
2023;1;778921;C696
2024;1;778921;C699
2025;1;778921;C700
2026;1;778921;C701
2027;1;778921;C709
2028;1;778921;C710
2029;1;778921;C711
2030;1;778921;C712
2031;1;778921;C713
2032;1;778921;C714
2033;1;778921;C715
2034;1;778921;C716
2035;1;778921;C717
2036;1;778921;C719
2037;1;778921;C720
2038;1;778921;C721
2039;1;778921;C722
2040;1;778921;C723
2041;1;778921;C724
2042;1;778921;C725
2043;1;778921;C729
2044;1;778921;C73
2045;1;778921;C740
2046;1;778921;C741
2047;1;778921;C749
2048;1;778921;C750
2049;1;778921;C751
2050;1;778921;C752
2051;1;778921;C753
2052;1;778921;C754
2053;1;778921;C755
2054;1;778921;C758
2055;1;778921;C759
2056;1;778921;C760
2057;1;778921;C761
2058;1;778921;C762
2059;1;778921;C763
2060;1;778921;C764
2061;1;778921;C765
2062;1;778921;C767
2063;1;778921;C770
2064;1;778921;C771
2065;1;778921;C772
2066;1;778921;C773
2067;1;778921;C774
2068;1;778921;C775
2069;1;778921;C778
2070;1;778921;C779
2071;1;778921;C780
2072;1;778921;C781
2073;1;778921;C782
2074;1;778921;C783
2075;1;778921;C784
2076;1;778921;C785
2077;1;778921;C786
2078;1;778921;C787
2079;1;778921;C788
2080;1;778921;C790
2081;1;778921;C791
2082;1;778921;C792
2083;1;778921;C793
2084;1;778921;C794
2085;1;778921;C795
2086;1;778921;C796
2087;1;778921;C797
2088;1;778921;C798
2089;1;778921;C80
2090;1;778921;C837
2091;1;778921;C962
2092;1;778921;C967
2093;1;778921;C969
2094;1;778921;C97
2095;1;778921;D100
2096;1;778921;D101
2097;1;778921;D102
2098;1;778921;D103
2099;1;778921;D104
2100;1;778921;D105
2101;1;778921;D106
2102;1;778921;D107
2103;1;778921;D109
2104;1;778921;D110
2105;1;778921;D117
2106;1;778921;D119
2107;1;778921;D120
2108;1;778921;D121
2109;1;778921;D122
2110;1;778921;D123
2111;1;778921;D124
2112;1;778921;D125
2113;1;778921;D126
2114;1;778921;D127
2115;1;778921;D128
2116;1;778921;D129
2117;1;778921;D130
2118;1;778921;D131
2119;1;778921;D132
2120;1;778921;D133
2121;1;778921;D134
2122;1;778921;D135
2123;1;778921;D136
2124;1;778921;D137
2125;1;778921;D139
2126;1;778921;D140
2127;1;778921;D141
2128;1;778921;D142
2129;1;778921;D143
2130;1;778921;D144
2131;1;778921;D150
2132;1;778921;D151
2133;1;778921;D152
2134;1;778921;D157
2135;1;778921;D159
2136;1;778921;D160
2137;1;778921;D161
2138;1;778921;D162
2139;1;778921;D163
2140;1;778921;D164
2141;1;778921;D165
2142;1;778921;D166
2143;1;778921;D167
2144;1;778921;D168
2145;1;778921;D169
2146;1;778921;D170
2147;1;778921;D171
2148;1;778921;D172
2149;1;778921;D173
2150;1;778921;D174
2151;1;778921;D175
2152;1;778921;D176
2153;1;778921;D177
2154;1;778921;D179
2155;1;778921;D190
2156;1;778921;D191
2157;1;778921;D197
2158;1;778921;D199
2159;1;778921;D200
2160;1;778921;D201
2161;1;778921;D210
2162;1;778921;D211
2163;1;778921;D212
2164;1;778921;D213
2165;1;778921;D214
2166;1;778921;D215
2167;1;778921;D216
2168;1;778921;D219
2169;1;778921;D230
2170;1;778921;D231
2171;1;778921;D232
2172;1;778921;D233
2173;1;778921;D234
2174;1;778921;D235
2175;1;778921;D236
2176;1;778921;D237
2177;1;778921;D239
2178;1;778921;D24
2179;1;778921;D260
2180;1;778921;D261
2181;1;778921;D267
2182;1;778921;D269
2183;1;778921;D27
2184;1;778921;D280
2185;1;778921;D281
2186;1;778921;D282
2187;1;778921;D287
2188;1;778921;D289
2189;1;778921;D290
2190;1;778921;D291
2191;1;778921;D292
2192;1;778921;D293
2193;1;778921;D294
2194;1;778921;D297
2195;1;778921;D299
2196;1;778921;D300
2197;1;778921;D301
2198;1;778921;D302
2199;1;778921;D303
2200;1;778921;D304
2201;1;778921;D307
2202;1;778921;D309
2203;1;778921;D310
2204;1;778921;D311
2205;1;778921;D312
2206;1;778921;D313
2207;1;778921;D314
2208;1;778921;D315
2209;1;778921;D316
2210;1;778921;D319
2211;1;778921;D320
2212;1;778921;D321
2213;1;778921;D329
2214;1;778921;D330
2215;1;778921;D331
2216;1;778921;D332
2217;1;778921;D333
2218;1;778921;D334
2219;1;778921;D337
2220;1;778921;D339
2221;1;778921;D34
2222;1;778921;D350
2223;1;778921;D351
2224;1;778921;D352
2225;1;778921;D353
2226;1;778921;D354
2227;1;778921;D355
2228;1;778921;D356
2229;1;778921;D357
2230;1;778921;D358
2231;1;778921;D359
2232;1;778921;D360
2233;1;778921;D361
2234;1;778921;D367
2235;1;778921;D369
2236;1;778921;D370
2237;1;778921;D371
2238;1;778921;D372
2239;1;778921;D373
2240;1;778921;D374
2241;1;778921;D375
2242;1;778921;D376
2243;1;778921;D377
2244;1;778921;D379
2245;1;778921;D380
2246;1;778921;D381
2247;1;778921;D382
2248;1;778921;D383
2249;1;778921;D384
2250;1;778921;D385
2251;1;778921;D386
2252;1;778921;D390
2253;1;778921;D391
2254;1;778921;D392
2255;1;778921;D397
2256;1;778921;D399
2257;1;778921;D400
2258;1;778921;D401
2259;1;778921;D407
2260;1;778921;D409
2261;1;778921;D410
2262;1;778921;D411
2263;1;778921;D412
2264;1;778921;D413
2265;1;778921;D414
2266;1;778921;D417
2267;1;778921;D419
2268;1;778921;D420
2269;1;778921;D421
2270;1;778921;D429
2271;1;778921;D430
2272;1;778921;D431
2273;1;778921;D432
2274;1;778921;D433
2275;1;778921;D434
2276;1;778921;D437
2277;1;778921;D439
2278;1;778921;D440
2279;1;778921;D441
2280;1;778921;D442
2281;1;778921;D443
2282;1;778921;D444
2283;1;778921;D445
2284;1;778921;D446
2285;1;778921;D447
2286;1;778921;D448
2287;1;778921;D449
2288;1;778921;D470
2289;1;778921;D477
2290;1;778921;D479
2291;1;778921;D480
2292;1;778921;D481
2293;1;778921;D482
2294;1;778921;D483
2295;1;778921;D484
2296;1;778921;D485
2297;1;778921;D486
2298;1;778921;D487
2299;1;778921;D489
2300;1;778921;O341
2301;1;778921;Z031
2302;1;778921;Z080
2303;1;778921;Z081
2304;1;778921;Z082
2305;1;778921;Z087
2306;1;778921;Z088
2307;1;778921;Z089
2308;1;778921;Z120
2309;1;778921;Z121
2310;1;778921;Z122
2311;1;778921;Z123
2312;1;778921;Z124
2313;1;778921;Z125
2314;1;778921;Z126
2315;1;778921;Z128
2316;1;778921;Z129
2317;1;778921;Z400
2318;1;778921;Z511
2319;1;778921;Z800
2320;1;778921;Z801
2321;1;778921;Z802
2322;1;778921;Z803
2323;1;778921;Z804
2324;1;778921;Z805
2325;1;778921;Z807
2326;1;778921;Z808
2327;1;778921;Z809
2328;1;778921;Z850
2329;1;778921;Z851
2330;1;778921;Z852
2331;1;778921;Z853
2332;1;778921;Z854
2333;1;778921;Z855
2334;1;778921;Z857
2335;1;778921;Z858
2336;1;778921;Z859
2337;1;778921;Z860
2338;1;778923;B213
2339;1;778923;B217
2340;1;778923;B218
2341;1;778923;B219
2342;1;778923;C000
2343;1;778923;C001
2344;1;778923;C002
2345;1;778923;C003
2346;1;778923;C004
2347;1;778923;C005
2348;1;778923;C006
2349;1;778923;C009
2350;1;778923;C01
2351;1;778923;C020
2352;1;778923;C021
2353;1;778923;C022
2354;1;778923;C023
2355;1;778923;C024
2356;1;778923;C029
2357;1;778923;C030
2358;1;778923;C031
2359;1;778923;C039
2360;1;778923;C040
2361;1;778923;C041
2362;1;778923;C049
2363;1;778923;C050
2364;1;778923;C051
2365;1;778923;C052
2366;1;778923;C059
2367;1;778923;C060
2368;1;778923;C061
2369;1;778923;C062
2370;1;778923;C069
2371;1;778923;C07
2372;1;778923;C080
2373;1;778923;C081
2374;1;778923;C089
2375;1;778923;C090
2376;1;778923;C091
2377;1;778923;C099
2378;1;778923;C100
2379;1;778923;C101
2380;1;778923;C102
2381;1;778923;C103
2382;1;778923;C104
2383;1;778923;C109
2384;1;778923;C110
2385;1;778923;C111
2386;1;778923;C112
2387;1;778923;C113
2388;1;778923;C119
2389;1;778923;C12
2390;1;778923;C130
2391;1;778923;C131
2392;1;778923;C132
2393;1;778923;C139
2394;1;778923;C140
2395;1;778923;C142
2396;1;778923;C150
2397;1;778923;C151
2398;1;778923;C152
2399;1;778923;C153
2400;1;778923;C154
2401;1;778923;C155
2402;1;778923;C159
2403;1;778923;C160
2404;1;778923;C161
2405;1;778923;C162
2406;1;778923;C163
2407;1;778923;C164
2408;1;778923;C165
2409;1;778923;C166
2410;1;778923;C169
2411;1;778923;C170
2412;1;778923;C171
2413;1;778923;C172
2414;1;778923;C173
2415;1;778923;C178
2416;1;778923;C179
2417;1;778923;C180
2418;1;778923;C181
2419;1;778923;C182
2420;1;778923;C183
2421;1;778923;C184
2422;1;778923;C185
2423;1;778923;C186
2424;1;778923;C187
2425;1;778923;C189
2426;1;778923;C19
2427;1;778923;C20
2428;1;778923;C210
2429;1;778923;C211
2430;1;778923;C212
2431;1;778923;C229
2432;1;778923;C23
2433;1;778923;C240
2434;1;778923;C241
2435;1;778923;C249
2436;1;778923;C250
2437;1;778923;C251
2438;1;778923;C252
2439;1;778923;C253
2440;1;778923;C254
2441;1;778923;C257
2442;1;778923;C259
2443;1;778923;C260
2444;1;778923;C261
2445;1;778923;C269
2446;1;778923;C300
2447;1;778923;C301
2448;1;778923;C310
2449;1;778923;C311
2450;1;778923;C312
2451;1;778923;C313
2452;1;778923;C319
2453;1;778923;C320
2454;1;778923;C321
2455;1;778923;C322
2456;1;778923;C323
2457;1;778923;C329
2458;1;778923;C33
2459;1;778923;C340
2460;1;778923;C341
2461;1;778923;C342
2462;1;778923;C343
2463;1;778923;C349
2464;1;778923;C37
2465;1;778923;C380
2466;1;778923;C381
2467;1;778923;C382
2468;1;778923;C383
2469;1;778923;C384
2470;1;778923;C390
2471;1;778923;C399
2472;1;778923;C400
2473;1;778923;C401
2474;1;778923;C402
2475;1;778923;C403
2476;1;778923;C409
2477;1;778923;C410
2478;1;778923;C411
2479;1;778923;C412
2480;1;778923;C413
2481;1;778923;C414
2482;1;778923;C419
2483;1;778923;C440
2484;1;778923;C441
2485;1;778923;C442
2486;1;778923;C443
2487;1;778923;C444
2488;1;778923;C445
2489;1;778923;C446
2490;1;778923;C447
2491;1;778923;C449
2492;1;778923;C470
2493;1;778923;C471
2494;1;778923;C472
2495;1;778923;C473
2496;1;778923;C474
2497;1;778923;C475
2498;1;778923;C476
2499;1;778923;C479
2500;1;778923;C480
2501;1;778923;C481
2502;1;778923;C482
2503;1;778923;C490
2504;1;778923;C491
2505;1;778923;C492
2506;1;778923;C493
2507;1;778923;C494
2508;1;778923;C495
2509;1;778923;C496
2510;1;778923;C499
2511;1;778923;C500
2512;1;778923;C501
2513;1;778923;C502
2514;1;778923;C503
2515;1;778923;C504
2516;1;778923;C505
2517;1;778923;C506
2518;1;778923;C509
2519;1;778923;C510
2520;1;778923;C511
2521;1;778923;C512
2522;1;778923;C519
2523;1;778923;C52
2524;1;778923;C530
2525;1;778923;C531
2526;1;778923;C539
2527;1;778923;C540
2528;1;778923;C541
2529;1;778923;C542
2530;1;778923;C543
2531;1;778923;C549
2532;1;778923;C55
2533;1;778923;C56
2534;1;778923;C570
2535;1;778923;C571
2536;1;778923;C572
2537;1;778923;C573
2538;1;778923;C574
2539;1;778923;C577
2540;1;778923;C579
2541;1;778923;C58
2542;1;778923;C600
2543;1;778923;C601
2544;1;778923;C602
2545;1;778923;C609
2546;1;778923;C61
2547;1;778923;C620
2548;1;778923;C621
2549;1;778923;C629
2550;1;778923;C630
2551;1;778923;C631
2552;1;778923;C632
2553;1;778923;C637
2554;1;778923;C639
2555;1;778923;C64
2556;1;778923;C65
2557;1;778923;C66
2558;1;778923;C670
2559;1;778923;C671
2560;1;778923;C672
2561;1;778923;C673
2562;1;778923;C674
2563;1;778923;C675
2564;1;778923;C676
2565;1;778923;C677
2566;1;778923;C679
2567;1;778923;C680
2568;1;778923;C681
2569;1;778923;C689
2570;1;778923;C690
2571;1;778923;C691
2572;1;778923;C692
2573;1;778923;C693
2574;1;778923;C694
2575;1;778923;C695
2576;1;778923;C696
2577;1;778923;C699
2578;1;778923;C700
2579;1;778923;C701
2580;1;778923;C709
2581;1;778923;C710
2582;1;778923;C711
2583;1;778923;C712
2584;1;778923;C713
2585;1;778923;C714
2586;1;778923;C715
2587;1;778923;C716
2588;1;778923;C717
2589;1;778923;C719
2590;1;778923;C720
2591;1;778923;C721
2592;1;778923;C722
2593;1;778923;C723
2594;1;778923;C724
2595;1;778923;C725
2596;1;778923;C729
2597;1;778923;C73
2598;1;778923;C740
2599;1;778923;C741
2600;1;778923;C749
2601;1;778923;C750
2602;1;778923;C751
2603;1;778923;C752
2604;1;778923;C753
2605;1;778923;C754
2606;1;778923;C755
2607;1;778923;C758
2608;1;778923;C759
2609;1;778923;C760
2610;1;778923;C761
2611;1;778923;C762
2612;1;778923;C763
2613;1;778923;C764
2614;1;778923;C765
2615;1;778923;C767
2616;1;778923;C770
2617;1;778923;C771
2618;1;778923;C772
2619;1;778923;C773
2620;1;778923;C774
2621;1;778923;C775
2622;1;778923;C778
2623;1;778923;C779
2624;1;778923;C780
2625;1;778923;C781
2626;1;778923;C782
2627;1;778923;C783
2628;1;778923;C784
2629;1;778923;C785
2630;1;778923;C786
2631;1;778923;C787
2632;1;778923;C788
2633;1;778923;C790
2634;1;778923;C791
2635;1;778923;C792
2636;1;778923;C793
2637;1;778923;C794
2638;1;778923;C795
2639;1;778923;C796
2640;1;778923;C797
2641;1;778923;C798
2642;1;778923;C80
2643;1;778923;C837
2644;1;778923;C962
2645;1;778923;C967
2646;1;778923;C969
2647;1;778923;C97
2648;1;778923;D100
2649;1;778923;D101
2650;1;778923;D102
2651;1;778923;D103
2652;1;778923;D104
2653;1;778923;D105
2654;1;778923;D106
2655;1;778923;D107
2656;1;778923;D109
2657;1;778923;D110
2658;1;778923;D117
2659;1;778923;D119
2660;1;778923;D120
2661;1;778923;D121
2662;1;778923;D122
2663;1;778923;D123
2664;1;778923;D124
2665;1;778923;D125
2666;1;778923;D126
2667;1;778923;D127
2668;1;778923;D128
2669;1;778923;D129
2670;1;778923;D130
2671;1;778923;D131
2672;1;778923;D132
2673;1;778923;D133
2674;1;778923;D134
2675;1;778923;D135
2676;1;778923;D136
2677;1;778923;D137
2678;1;778923;D139
2679;1;778923;D140
2680;1;778923;D141
2681;1;778923;D142
2682;1;778923;D143
2683;1;778923;D144
2684;1;778923;D150
2685;1;778923;D151
2686;1;778923;D152
2687;1;778923;D157
2688;1;778923;D159
2689;1;778923;D160
2690;1;778923;D161
2691;1;778923;D162
2692;1;778923;D163
2693;1;778923;D164
2694;1;778923;D165
2695;1;778923;D166
2696;1;778923;D167
2697;1;778923;D168
2698;1;778923;D169
2699;1;778923;D170
2700;1;778923;D171
2701;1;778923;D172
2702;1;778923;D173
2703;1;778923;D174
2704;1;778923;D175
2705;1;778923;D176
2706;1;778923;D177
2707;1;778923;D179
2708;1;778923;D190
2709;1;778923;D191
2710;1;778923;D197
2711;1;778923;D199
2712;1;778923;D200
2713;1;778923;D201
2714;1;778923;D210
2715;1;778923;D211
2716;1;778923;D212
2717;1;778923;D213
2718;1;778923;D214
2719;1;778923;D215
2720;1;778923;D216
2721;1;778923;D219
2722;1;778923;D230
2723;1;778923;D231
2724;1;778923;D232
2725;1;778923;D233
2726;1;778923;D234
2727;1;778923;D235
2728;1;778923;D236
2729;1;778923;D237
2730;1;778923;D239
2731;1;778923;D24
2732;1;778923;D260
2733;1;778923;D261
2734;1;778923;D267
2735;1;778923;D269
2736;1;778923;D27
2737;1;778923;D280
2738;1;778923;D281
2739;1;778923;D282
2740;1;778923;D287
2741;1;778923;D289
2742;1;778923;D290
2743;1;778923;D291
2744;1;778923;D292
2745;1;778923;D293
2746;1;778923;D294
2747;1;778923;D297
2748;1;778923;D299
2749;1;778923;D300
2750;1;778923;D301
2751;1;778923;D302
2752;1;778923;D303
2753;1;778923;D304
2754;1;778923;D307
2755;1;778923;D309
2756;1;778923;D310
2757;1;778923;D311
2758;1;778923;D312
2759;1;778923;D313
2760;1;778923;D314
2761;1;778923;D315
2762;1;778923;D316
2763;1;778923;D319
2764;1;778923;D320
2765;1;778923;D321
2766;1;778923;D329
2767;1;778923;D330
2768;1;778923;D331
2769;1;778923;D332
2770;1;778923;D333
2771;1;778923;D334
2772;1;778923;D337
2773;1;778923;D339
2774;1;778923;D34
2775;1;778923;D350
2776;1;778923;D351
2777;1;778923;D352
2778;1;778923;D353
2779;1;778923;D354
2780;1;778923;D355
2781;1;778923;D356
2782;1;778923;D357
2783;1;778923;D358
2784;1;778923;D359
2785;1;778923;D360
2786;1;778923;D361
2787;1;778923;D367
2788;1;778923;D369
2789;1;778923;D370
2790;1;778923;D371
2791;1;778923;D372
2792;1;778923;D373
2793;1;778923;D374
2794;1;778923;D375
2795;1;778923;D376
2796;1;778923;D377
2797;1;778923;D379
2798;1;778923;D380
2799;1;778923;D381
2800;1;778923;D382
2801;1;778923;D383
2802;1;778923;D384
2803;1;778923;D385
2804;1;778923;D386
2805;1;778923;D390
2806;1;778923;D391
2807;1;778923;D392
2808;1;778923;D397
2809;1;778923;D399
2810;1;778923;D400
2811;1;778923;D401
2812;1;778923;D407
2813;1;778923;D409
2814;1;778923;D410
2815;1;778923;D411
2816;1;778923;D412
2817;1;778923;D413
2818;1;778923;D414
2819;1;778923;D417
2820;1;778923;D419
2821;1;778923;D420
2822;1;778923;D421
2823;1;778923;D429
2824;1;778923;D430
2825;1;778923;D431
2826;1;778923;D432
2827;1;778923;D433
2828;1;778923;D434
2829;1;778923;D437
2830;1;778923;D439
2831;1;778923;D440
2832;1;778923;D441
2833;1;778923;D442
2834;1;778923;D443
2835;1;778923;D444
2836;1;778923;D445
2837;1;778923;D446
2838;1;778923;D447
2839;1;778923;D448
2840;1;778923;D449
2841;1;778923;D470
2842;1;778923;D477
2843;1;778923;D479
2844;1;778923;D480
2845;1;778923;D481
2846;1;778923;D482
2847;1;778923;D483
2848;1;778923;D484
2849;1;778923;D485
2850;1;778923;D486
2851;1;778923;D487
2852;1;778923;D489
2853;1;778923;O341
2854;1;778923;Z031
2855;1;778923;Z080
2856;1;778923;Z081
2857;1;778923;Z082
2858;1;778923;Z087
2859;1;778923;Z088
2860;1;778923;Z089
2861;1;778923;Z120
2862;1;778923;Z121
2863;1;778923;Z122
2864;1;778923;Z123
2865;1;778923;Z124
2866;1;778923;Z125
2867;1;778923;Z126
2868;1;778923;Z128
2869;1;778923;Z129
2870;1;778923;Z400
2871;1;778923;Z511
2872;1;778923;Z800
2873;1;778923;Z801
2874;1;778923;Z802
2875;1;778923;Z803
2876;1;778923;Z804
2877;1;778923;Z805
2878;1;778923;Z807
2879;1;778923;Z808
2880;1;778923;Z809
2881;1;778923;Z850
2882;1;778923;Z851
2883;1;778923;Z852
2884;1;778923;Z853
2885;1;778923;Z854
2886;1;778923;Z855
2887;1;778923;Z857
2888;1;778923;Z858
2889;1;778923;Z859
2890;1;778923;Z860
2891;1;778501;B213
2892;1;778501;B217
2893;1;778501;B218
2894;1;778501;B219
2895;1;778501;C000
2896;1;778501;C001
2897;1;778501;C002
2898;1;778501;C003
2899;1;778501;C004
2900;1;778501;C005
2901;1;778501;C006
2902;1;778501;C009
2903;1;778501;C01
2904;1;778501;C020
2905;1;778501;C021
2906;1;778501;C022
2907;1;778501;C023
2908;1;778501;C024
2909;1;778501;C029
2910;1;778501;C030
2911;1;778501;C031
2912;1;778501;C039
2913;1;778501;C040
2914;1;778501;C041
2915;1;778501;C049
2916;1;778501;C050
2917;1;778501;C051
2918;1;778501;C052
2919;1;778501;C059
2920;1;778501;C060
2921;1;778501;C061
2922;1;778501;C062
2923;1;778501;C069
2924;1;778501;C07
2925;1;778501;C080
2926;1;778501;C081
2927;1;778501;C089
2928;1;778501;C090
2929;1;778501;C091
2930;1;778501;C099
2931;1;778501;C100
2932;1;778501;C101
2933;1;778501;C102
2934;1;778501;C103
2935;1;778501;C104
2936;1;778501;C109
2937;1;778501;C110
2938;1;778501;C111
2939;1;778501;C112
2940;1;778501;C113
2941;1;778501;C119
2942;1;778501;C12
2943;1;778501;C130
2944;1;778501;C131
2945;1;778501;C132
2946;1;778501;C139
2947;1;778501;C140
2948;1;778501;C142
2949;1;778501;C150
2950;1;778501;C151
2951;1;778501;C152
2952;1;778501;C153
2953;1;778501;C154
2954;1;778501;C155
2955;1;778501;C159
2956;1;778501;C160
2957;1;778501;C161
2958;1;778501;C162
2959;1;778501;C163
2960;1;778501;C164
2961;1;778501;C165
2962;1;778501;C166
2963;1;778501;C169
2964;1;778501;C170
2965;1;778501;C171
2966;1;778501;C172
2967;1;778501;C173
2968;1;778501;C178
2969;1;778501;C179
2970;1;778501;C180
2971;1;778501;C181
2972;1;778501;C182
2973;1;778501;C183
2974;1;778501;C184
2975;1;778501;C185
2976;1;778501;C186
2977;1;778501;C187
2978;1;778501;C189
2979;1;778501;C19
2980;1;778501;C20
2981;1;778501;C210
2982;1;778501;C211
2983;1;778501;C212
2984;1;778501;C229
2985;1;778501;C23
2986;1;778501;C240
2987;1;778501;C241
2988;1;778501;C249
2989;1;778501;C250
2990;1;778501;C251
2991;1;778501;C252
2992;1;778501;C253
2993;1;778501;C254
2994;1;778501;C257
2995;1;778501;C259
2996;1;778501;C260
2997;1;778501;C261
2998;1;778501;C269
2999;1;778501;C300
3000;1;778501;C301
3001;1;778501;C310
3002;1;778501;C311
3003;1;778501;C312
3004;1;778501;C313
3005;1;778501;C319
3006;1;778501;C320
3007;1;778501;C321
3008;1;778501;C322
3009;1;778501;C323
3010;1;778501;C329
3011;1;778501;C33
3012;1;778501;C340
3013;1;778501;C341
3014;1;778501;C342
3015;1;778501;C343
3016;1;778501;C349
3017;1;778501;C37
3018;1;778501;C380
3019;1;778501;C381
3020;1;778501;C382
3021;1;778501;C383
3022;1;778501;C384
3023;1;778501;C390
3024;1;778501;C399
3025;1;778501;C400
3026;1;778501;C401
3027;1;778501;C402
3028;1;778501;C403
3029;1;778501;C409
3030;1;778501;C410
3031;1;778501;C411
3032;1;778501;C412
3033;1;778501;C413
3034;1;778501;C414
3035;1;778501;C419
3036;1;778501;C440
3037;1;778501;C441
3038;1;778501;C442
3039;1;778501;C443
3040;1;778501;C444
3041;1;778501;C445
3042;1;778501;C446
3043;1;778501;C447
3044;1;778501;C449
3045;1;778501;C470
3046;1;778501;C471
3047;1;778501;C472
3048;1;778501;C473
3049;1;778501;C474
3050;1;778501;C475
3051;1;778501;C476
3052;1;778501;C479
3053;1;778501;C480
3054;1;778501;C481
3055;1;778501;C482
3056;1;778501;C490
3057;1;778501;C491
3058;1;778501;C492
3059;1;778501;C493
3060;1;778501;C494
3061;1;778501;C495
3062;1;778501;C496
3063;1;778501;C499
3064;1;778501;C500
3065;1;778501;C501
3066;1;778501;C502
3067;1;778501;C503
3068;1;778501;C504
3069;1;778501;C505
3070;1;778501;C506
3071;1;778501;C509
3072;1;778501;C510
3073;1;778501;C511
3074;1;778501;C512
3075;1;778501;C519
3076;1;778501;C52
3077;1;778501;C530
3078;1;778501;C531
3079;1;778501;C539
3080;1;778501;C540
3081;1;778501;C541
3082;1;778501;C542
3083;1;778501;C543
3084;1;778501;C549
3085;1;778501;C55
3086;1;778501;C56
3087;1;778501;C570
3088;1;778501;C571
3089;1;778501;C572
3090;1;778501;C573
3091;1;778501;C574
3092;1;778501;C577
3093;1;778501;C579
3094;1;778501;C58
3095;1;778501;C600
3096;1;778501;C601
3097;1;778501;C602
3098;1;778501;C609
3099;1;778501;C61
3100;1;778501;C620
3101;1;778501;C621
3102;1;778501;C629
3103;1;778501;C630
3104;1;778501;C631
3105;1;778501;C632
3106;1;778501;C637
3107;1;778501;C639
3108;1;778501;C64
3109;1;778501;C65
3110;1;778501;C66
3111;1;778501;C670
3112;1;778501;C671
3113;1;778501;C672
3114;1;778501;C673
3115;1;778501;C674
3116;1;778501;C675
3117;1;778501;C676
3118;1;778501;C677
3119;1;778501;C679
3120;1;778501;C680
3121;1;778501;C681
3122;1;778501;C689
3123;1;778501;C690
3124;1;778501;C691
3125;1;778501;C692
3126;1;778501;C693
3127;1;778501;C694
3128;1;778501;C695
3129;1;778501;C696
3130;1;778501;C699
3131;1;778501;C700
3132;1;778501;C701
3133;1;778501;C709
3134;1;778501;C710
3135;1;778501;C711
3136;1;778501;C712
3137;1;778501;C713
3138;1;778501;C714
3139;1;778501;C715
3140;1;778501;C716
3141;1;778501;C717
3142;1;778501;C719
3143;1;778501;C720
3144;1;778501;C721
3145;1;778501;C722
3146;1;778501;C723
3147;1;778501;C724
3148;1;778501;C725
3149;1;778501;C729
3150;1;778501;C73
3151;1;778501;C740
3152;1;778501;C741
3153;1;778501;C749
3154;1;778501;C750
3155;1;778501;C751
3156;1;778501;C752
3157;1;778501;C753
3158;1;778501;C754
3159;1;778501;C755
3160;1;778501;C758
3161;1;778501;C759
3162;1;778501;C760
3163;1;778501;C761
3164;1;778501;C762
3165;1;778501;C763
3166;1;778501;C764
3167;1;778501;C765
3168;1;778501;C767
3169;1;778501;C770
3170;1;778501;C771
3171;1;778501;C772
3172;1;778501;C773
3173;1;778501;C774
3174;1;778501;C775
3175;1;778501;C778
3176;1;778501;C779
3177;1;778501;C780
3178;1;778501;C781
3179;1;778501;C782
3180;1;778501;C783
3181;1;778501;C784
3182;1;778501;C785
3183;1;778501;C786
3184;1;778501;C787
3185;1;778501;C788
3186;1;778501;C790
3187;1;778501;C791
3188;1;778501;C792
3189;1;778501;C793
3190;1;778501;C794
3191;1;778501;C795
3192;1;778501;C796
3193;1;778501;C797
3194;1;778501;C798
3195;1;778501;C80
3196;1;778501;C837
3197;1;778501;C962
3198;1;778501;C967
3199;1;778501;C969
3200;1;778501;C97
3201;1;778501;D100
3202;1;778501;D101
3203;1;778501;D102
3204;1;778501;D103
3205;1;778501;D104
3206;1;778501;D105
3207;1;778501;D106
3208;1;778501;D107
3209;1;778501;D109
3210;1;778501;D110
3211;1;778501;D117
3212;1;778501;D119
3213;1;778501;D120
3214;1;778501;D121
3215;1;778501;D122
3216;1;778501;D123
3217;1;778501;D124
3218;1;778501;D125
3219;1;778501;D126
3220;1;778501;D127
3221;1;778501;D128
3222;1;778501;D129
3223;1;778501;D130
3224;1;778501;D131
3225;1;778501;D132
3226;1;778501;D133
3227;1;778501;D134
3228;1;778501;D135
3229;1;778501;D136
3230;1;778501;D137
3231;1;778501;D139
3232;1;778501;D140
3233;1;778501;D141
3234;1;778501;D142
3235;1;778501;D143
3236;1;778501;D144
3237;1;778501;D150
3238;1;778501;D151
3239;1;778501;D152
3240;1;778501;D157
3241;1;778501;D159
3242;1;778501;D160
3243;1;778501;D161
3244;1;778501;D162
3245;1;778501;D163
3246;1;778501;D164
3247;1;778501;D165
3248;1;778501;D166
3249;1;778501;D167
3250;1;778501;D168
3251;1;778501;D169
3252;1;778501;D170
3253;1;778501;D171
3254;1;778501;D172
3255;1;778501;D173
3256;1;778501;D174
3257;1;778501;D175
3258;1;778501;D176
3259;1;778501;D177
3260;1;778501;D179
3261;1;778501;D190
3262;1;778501;D191
3263;1;778501;D197
3264;1;778501;D199
3265;1;778501;D200
3266;1;778501;D201
3267;1;778501;D210
3268;1;778501;D211
3269;1;778501;D212
3270;1;778501;D213
3271;1;778501;D214
3272;1;778501;D215
3273;1;778501;D216
3274;1;778501;D219
3275;1;778501;D230
3276;1;778501;D231
3277;1;778501;D232
3278;1;778501;D233
3279;1;778501;D234
3280;1;778501;D235
3281;1;778501;D236
3282;1;778501;D237
3283;1;778501;D239
3284;1;778501;D24
3285;1;778501;D260
3286;1;778501;D261
3287;1;778501;D267
3288;1;778501;D269
3289;1;778501;D27
3290;1;778501;D280
3291;1;778501;D281
3292;1;778501;D282
3293;1;778501;D287
3294;1;778501;D289
3295;1;778501;D290
3296;1;778501;D291
3297;1;778501;D292
3298;1;778501;D293
3299;1;778501;D294
3300;1;778501;D297
3301;1;778501;D299
3302;1;778501;D300
3303;1;778501;D301
3304;1;778501;D302
3305;1;778501;D303
3306;1;778501;D304
3307;1;778501;D307
3308;1;778501;D309
3309;1;778501;D310
3310;1;778501;D311
3311;1;778501;D312
3312;1;778501;D313
3313;1;778501;D314
3314;1;778501;D315
3315;1;778501;D316
3316;1;778501;D319
3317;1;778501;D320
3318;1;778501;D321
3319;1;778501;D329
3320;1;778501;D330
3321;1;778501;D331
3322;1;778501;D332
3323;1;778501;D333
3324;1;778501;D334
3325;1;778501;D337
3326;1;778501;D339
3327;1;778501;D34
3328;1;778501;D350
3329;1;778501;D351
3330;1;778501;D352
3331;1;778501;D353
3332;1;778501;D354
3333;1;778501;D355
3334;1;778501;D356
3335;1;778501;D357
3336;1;778501;D358
3337;1;778501;D359
3338;1;778501;D360
3339;1;778501;D361
3340;1;778501;D367
3341;1;778501;D369
3342;1;778501;D370
3343;1;778501;D371
3344;1;778501;D372
3345;1;778501;D373
3346;1;778501;D374
3347;1;778501;D375
3348;1;778501;D376
3349;1;778501;D377
3350;1;778501;D379
3351;1;778501;D380
3352;1;778501;D381
3353;1;778501;D382
3354;1;778501;D383
3355;1;778501;D384
3356;1;778501;D385
3357;1;778501;D386
3358;1;778501;D390
3359;1;778501;D391
3360;1;778501;D392
3361;1;778501;D397
3362;1;778501;D399
3363;1;778501;D400
3364;1;778501;D401
3365;1;778501;D407
3366;1;778501;D409
3367;1;778501;D410
3368;1;778501;D411
3369;1;778501;D412
3370;1;778501;D413
3371;1;778501;D414
3372;1;778501;D417
3373;1;778501;D419
3374;1;778501;D420
3375;1;778501;D421
3376;1;778501;D429
3377;1;778501;D430
3378;1;778501;D431
3379;1;778501;D432
3380;1;778501;D433
3381;1;778501;D434
3382;1;778501;D437
3383;1;778501;D439
3384;1;778501;D440
3385;1;778501;D441
3386;1;778501;D442
3387;1;778501;D443
3388;1;778501;D444
3389;1;778501;D445
3390;1;778501;D446
3391;1;778501;D447
3392;1;778501;D448
3393;1;778501;D449
3394;1;778501;D470
3395;1;778501;D477
3396;1;778501;D479
3397;1;778501;D480
3398;1;778501;D481
3399;1;778501;D482
3400;1;778501;D483
3401;1;778501;D484
3402;1;778501;D485
3403;1;778501;D486
3404;1;778501;D487
3405;1;778501;D489
3406;1;778501;O341
3407;1;778501;Z031
3408;1;778501;Z080
3409;1;778501;Z081
3410;1;778501;Z082
3411;1;778501;Z087
3412;1;778501;Z088
3413;1;778501;Z089
3414;1;778501;Z120
3415;1;778501;Z121
3416;1;778501;Z122
3417;1;778501;Z123
3418;1;778501;Z124
3419;1;778501;Z125
3420;1;778501;Z126
3421;1;778501;Z128
3422;1;778501;Z129
3423;1;778501;Z400
3424;1;778501;Z511
3425;1;778501;Z800
3426;1;778501;Z801
3427;1;778501;Z802
3428;1;778501;Z803
3429;1;778501;Z804
3430;1;778501;Z805
3431;1;778501;Z807
3432;1;778501;Z808
3433;1;778501;Z809
3434;1;778501;Z850
3435;1;778501;Z851
3436;1;778501;Z852
3437;1;778501;Z853
3438;1;778501;Z854
3439;1;778501;Z855
3440;1;778501;Z857
3441;1;778501;Z858
3442;1;778501;Z859
3443;1;778501;Z860
3444;1;778800;B213
3445;1;778800;B217
3446;1;778800;B218
3447;1;778800;B219
3448;1;778800;C000
3449;1;778800;C001
3450;1;778800;C002
3451;1;778800;C003
3452;1;778800;C004
3453;1;778800;C005
3454;1;778800;C006
3455;1;778800;C009
3456;1;778800;C01
3457;1;778800;C020
3458;1;778800;C021
3459;1;778800;C022
3460;1;778800;C023
3461;1;778800;C024
3462;1;778800;C029
3463;1;778800;C030
3464;1;778800;C031
3465;1;778800;C039
3466;1;778800;C040
3467;1;778800;C041
3468;1;778800;C049
3469;1;778800;C050
3470;1;778800;C051
3471;1;778800;C052
3472;1;778800;C059
3473;1;778800;C060
3474;1;778800;C061
3475;1;778800;C062
3476;1;778800;C069
3477;1;778800;C07
3478;1;778800;C080
3479;1;778800;C081
3480;1;778800;C089
3481;1;778800;C090
3482;1;778800;C091
3483;1;778800;C099
3484;1;778800;C100
3485;1;778800;C101
3486;1;778800;C102
3487;1;778800;C103
3488;1;778800;C104
3489;1;778800;C109
3490;1;778800;C110
3491;1;778800;C111
3492;1;778800;C112
3493;1;778800;C113
3494;1;778800;C119
3495;1;778800;C12
3496;1;778800;C130
3497;1;778800;C131
3498;1;778800;C132
3499;1;778800;C139
3500;1;778800;C140
3501;1;778800;C142
3502;1;778800;C150
3503;1;778800;C151
3504;1;778800;C152
3505;1;778800;C153
3506;1;778800;C154
3507;1;778800;C155
3508;1;778800;C159
3509;1;778800;C160
3510;1;778800;C161
3511;1;778800;C162
3512;1;778800;C163
3513;1;778800;C164
3514;1;778800;C165
3515;1;778800;C166
3516;1;778800;C169
3517;1;778800;C170
3518;1;778800;C171
3519;1;778800;C172
3520;1;778800;C173
3521;1;778800;C178
3522;1;778800;C179
3523;1;778800;C180
3524;1;778800;C181
3525;1;778800;C182
3526;1;778800;C183
3527;1;778800;C184
3528;1;778800;C185
3529;1;778800;C186
3530;1;778800;C187
3531;1;778800;C189
3532;1;778800;C19
3533;1;778800;C20
3534;1;778800;C210
3535;1;778800;C211
3536;1;778800;C212
3537;1;778800;C229
3538;1;778800;C23
3539;1;778800;C240
3540;1;778800;C241
3541;1;778800;C249
3542;1;778800;C250
3543;1;778800;C251
3544;1;778800;C252
3545;1;778800;C253
3546;1;778800;C254
3547;1;778800;C257
3548;1;778800;C259
3549;1;778800;C260
3550;1;778800;C261
3551;1;778800;C269
3552;1;778800;C300
3553;1;778800;C301
3554;1;778800;C310
3555;1;778800;C311
3556;1;778800;C312
3557;1;778800;C313
3558;1;778800;C319
3559;1;778800;C320
3560;1;778800;C321
3561;1;778800;C322
3562;1;778800;C323
3563;1;778800;C329
3564;1;778800;C33
3565;1;778800;C340
3566;1;778800;C341
3567;1;778800;C342
3568;1;778800;C343
3569;1;778800;C349
3570;1;778800;C37
3571;1;778800;C380
3572;1;778800;C381
3573;1;778800;C382
3574;1;778800;C383
3575;1;778800;C384
3576;1;778800;C390
3577;1;778800;C399
3578;1;778800;C400
3579;1;778800;C401
3580;1;778800;C402
3581;1;778800;C403
3582;1;778800;C409
3583;1;778800;C410
3584;1;778800;C411
3585;1;778800;C412
3586;1;778800;C413
3587;1;778800;C414
3588;1;778800;C419
3589;1;778800;C440
3590;1;778800;C441
3591;1;778800;C442
3592;1;778800;C443
3593;1;778800;C444
3594;1;778800;C445
3595;1;778800;C446
3596;1;778800;C447
3597;1;778800;C449
3598;1;778800;C470
3599;1;778800;C471
3600;1;778800;C472
3601;1;778800;C473
3602;1;778800;C474
3603;1;778800;C475
3604;1;778800;C476
3605;1;778800;C479
3606;1;778800;C480
3607;1;778800;C481
3608;1;778800;C482
3609;1;778800;C490
3610;1;778800;C491
3611;1;778800;C492
3612;1;778800;C493
3613;1;778800;C494
3614;1;778800;C495
3615;1;778800;C496
3616;1;778800;C499
3617;1;778800;C500
3618;1;778800;C501
3619;1;778800;C502
3620;1;778800;C503
3621;1;778800;C504
3622;1;778800;C505
3623;1;778800;C506
3624;1;778800;C509
3625;1;778800;C510
3626;1;778800;C511
3627;1;778800;C512
3628;1;778800;C519
3629;1;778800;C52
3630;1;778800;C530
3631;1;778800;C531
3632;1;778800;C539
3633;1;778800;C540
3634;1;778800;C541
3635;1;778800;C542
3636;1;778800;C543
3637;1;778800;C549
3638;1;778800;C55
3639;1;778800;C56
3640;1;778800;C570
3641;1;778800;C571
3642;1;778800;C572
3643;1;778800;C573
3644;1;778800;C574
3645;1;778800;C577
3646;1;778800;C579
3647;1;778800;C58
3648;1;778800;C600
3649;1;778800;C601
3650;1;778800;C602
3651;1;778800;C609
3652;1;778800;C61
3653;1;778800;C620
3654;1;778800;C621
3655;1;778800;C629
3656;1;778800;C630
3657;1;778800;C631
3658;1;778800;C632
3659;1;778800;C637
3660;1;778800;C639
3661;1;778800;C64
3662;1;778800;C65
3663;1;778800;C66
3664;1;778800;C670
3665;1;778800;C671
3666;1;778800;C672
3667;1;778800;C673
3668;1;778800;C674
3669;1;778800;C675
3670;1;778800;C676
3671;1;778800;C677
3672;1;778800;C679
3673;1;778800;C680
3674;1;778800;C681
3675;1;778800;C689
3676;1;778800;C690
3677;1;778800;C691
3678;1;778800;C692
3679;1;778800;C693
3680;1;778800;C694
3681;1;778800;C695
3682;1;778800;C696
3683;1;778800;C699
3684;1;778800;C700
3685;1;778800;C701
3686;1;778800;C709
3687;1;778800;C710
3688;1;778800;C711
3689;1;778800;C712
3690;1;778800;C713
3691;1;778800;C714
3692;1;778800;C715
3693;1;778800;C716
3694;1;778800;C717
3695;1;778800;C719
3696;1;778800;C720
3697;1;778800;C721
3698;1;778800;C722
3699;1;778800;C723
3700;1;778800;C724
3701;1;778800;C725
3702;1;778800;C729
3703;1;778800;C73
3704;1;778800;C740
3705;1;778800;C741
3706;1;778800;C749
3707;1;778800;C750
3708;1;778800;C751
3709;1;778800;C752
3710;1;778800;C753
3711;1;778800;C754
3712;1;778800;C755
3713;1;778800;C758
3714;1;778800;C759
3715;1;778800;C760
3716;1;778800;C761
3717;1;778800;C762
3718;1;778800;C763
3719;1;778800;C764
3720;1;778800;C765
3721;1;778800;C767
3722;1;778800;C770
3723;1;778800;C771
3724;1;778800;C772
3725;1;778800;C773
3726;1;778800;C774
3727;1;778800;C775
3728;1;778800;C778
3729;1;778800;C779
3730;1;778800;C780
3731;1;778800;C781
3732;1;778800;C782
3733;1;778800;C783
3734;1;778800;C784
3735;1;778800;C785
3736;1;778800;C786
3737;1;778800;C787
3738;1;778800;C788
3739;1;778800;C790
3740;1;778800;C791
3741;1;778800;C792
3742;1;778800;C793
3743;1;778800;C794
3744;1;778800;C795
3745;1;778800;C796
3746;1;778800;C797
3747;1;778800;C798
3748;1;778800;C80
3749;1;778800;C837
3750;1;778800;C962
3751;1;778800;C967
3752;1;778800;C969
3753;1;778800;C97
3754;1;778800;D100
3755;1;778800;D101
3756;1;778800;D102
3757;1;778800;D103
3758;1;778800;D104
3759;1;778800;D105
3760;1;778800;D106
3761;1;778800;D107
3762;1;778800;D109
3763;1;778800;D110
3764;1;778800;D117
3765;1;778800;D119
3766;1;778800;D120
3767;1;778800;D121
3768;1;778800;D122
3769;1;778800;D123
3770;1;778800;D124
3771;1;778800;D125
3772;1;778800;D126
3773;1;778800;D127
3774;1;778800;D128
3775;1;778800;D129
3776;1;778800;D130
3777;1;778800;D131
3778;1;778800;D132
3779;1;778800;D133
3780;1;778800;D134
3781;1;778800;D135
3782;1;778800;D136
3783;1;778800;D137
3784;1;778800;D139
3785;1;778800;D140
3786;1;778800;D141
3787;1;778800;D142
3788;1;778800;D143
3789;1;778800;D144
3790;1;778800;D150
3791;1;778800;D151
3792;1;778800;D152
3793;1;778800;D157
3794;1;778800;D159
3795;1;778800;D160
3796;1;778800;D161
3797;1;778800;D162
3798;1;778800;D163
3799;1;778800;D164
3800;1;778800;D165
3801;1;778800;D166
3802;1;778800;D167
3803;1;778800;D168
3804;1;778800;D169
3805;1;778800;D170
3806;1;778800;D171
3807;1;778800;D172
3808;1;778800;D173
3809;1;778800;D174
3810;1;778800;D175
3811;1;778800;D176
3812;1;778800;D177
3813;1;778800;D179
3814;1;778800;D190
3815;1;778800;D191
3816;1;778800;D197
3817;1;778800;D199
3818;1;778800;D200
3819;1;778800;D201
3820;1;778800;D210
3821;1;778800;D211
3822;1;778800;D212
3823;1;778800;D213
3824;1;778800;D214
3825;1;778800;D215
3826;1;778800;D216
3827;1;778800;D219
3828;1;778800;D230
3829;1;778800;D231
3830;1;778800;D232
3831;1;778800;D233
3832;1;778800;D234
3833;1;778800;D235
3834;1;778800;D236
3835;1;778800;D237
3836;1;778800;D239
3837;1;778800;D24
3838;1;778800;D260
3839;1;778800;D261
3840;1;778800;D267
3841;1;778800;D269
3842;1;778800;D27
3843;1;778800;D280
3844;1;778800;D281
3845;1;778800;D282
3846;1;778800;D287
3847;1;778800;D289
3848;1;778800;D290
3849;1;778800;D291
3850;1;778800;D292
3851;1;778800;D293
3852;1;778800;D294
3853;1;778800;D297
3854;1;778800;D299
3855;1;778800;D300
3856;1;778800;D301
3857;1;778800;D302
3858;1;778800;D303
3859;1;778800;D304
3860;1;778800;D307
3861;1;778800;D309
3862;1;778800;D310
3863;1;778800;D311
3864;1;778800;D312
3865;1;778800;D313
3866;1;778800;D314
3867;1;778800;D315
3868;1;778800;D316
3869;1;778800;D319
3870;1;778800;D320
3871;1;778800;D321
3872;1;778800;D329
3873;1;778800;D330
3874;1;778800;D331
3875;1;778800;D332
3876;1;778800;D333
3877;1;778800;D334
3878;1;778800;D337
3879;1;778800;D339
3880;1;778800;D34
3881;1;778800;D350
3882;1;778800;D351
3883;1;778800;D352
3884;1;778800;D353
3885;1;778800;D354
3886;1;778800;D355
3887;1;778800;D356
3888;1;778800;D357
3889;1;778800;D358
3890;1;778800;D359
3891;1;778800;D360
3892;1;778800;D361
3893;1;778800;D367
3894;1;778800;D369
3895;1;778800;D370
3896;1;778800;D371
3897;1;778800;D372
3898;1;778800;D373
3899;1;778800;D374
3900;1;778800;D375
3901;1;778800;D376
3902;1;778800;D377
3903;1;778800;D379
3904;1;778800;D380
3905;1;778800;D381
3906;1;778800;D382
3907;1;778800;D383
3908;1;778800;D384
3909;1;778800;D385
3910;1;778800;D386
3911;1;778800;D390
3912;1;778800;D391
3913;1;778800;D392
3914;1;778800;D397
3915;1;778800;D399
3916;1;778800;D400
3917;1;778800;D401
3918;1;778800;D407
3919;1;778800;D409
3920;1;778800;D410
3921;1;778800;D411
3922;1;778800;D412
3923;1;778800;D413
3924;1;778800;D414
3925;1;778800;D417
3926;1;778800;D419
3927;1;778800;D420
3928;1;778800;D421
3929;1;778800;D429
3930;1;778800;D430
3931;1;778800;D431
3932;1;778800;D432
3933;1;778800;D433
3934;1;778800;D434
3935;1;778800;D437
3936;1;778800;D439
3937;1;778800;D440
3938;1;778800;D441
3939;1;778800;D442
3940;1;778800;D443
3941;1;778800;D444
3942;1;778800;D445
3943;1;778800;D446
3944;1;778800;D447
3945;1;778800;D448
3946;1;778800;D449
3947;1;778800;D470
3948;1;778800;D477
3949;1;778800;D479
3950;1;778800;D480
3951;1;778800;D481
3952;1;778800;D482
3953;1;778800;D483
3954;1;778800;D484
3955;1;778800;D485
3956;1;778800;D486
3957;1;778800;D487
3958;1;778800;D489
3959;1;778800;O341
3960;1;778800;Z031
3961;1;778800;Z080
3962;1;778800;Z081
3963;1;778800;Z082
3964;1;778800;Z087
3965;1;778800;Z088
3966;1;778800;Z089
3967;1;778800;Z120
3968;1;778800;Z121
3969;1;778800;Z122
3970;1;778800;Z123
3971;1;778800;Z124
3972;1;778800;Z125
3973;1;778800;Z126
3974;1;778800;Z128
3975;1;778800;Z129
3976;1;778800;Z400
3977;1;778800;Z511
3978;1;778800;Z800
3979;1;778800;Z801
3980;1;778800;Z802
3981;1;778800;Z803
3982;1;778800;Z804
3983;1;778800;Z805
3984;1;778800;Z807
3985;1;778800;Z808
3986;1;778800;Z809
3987;1;778800;Z850
3988;1;778800;Z851
3989;1;778800;Z852
3990;1;778800;Z853
3991;1;778800;Z854
3992;1;778800;Z855
3993;1;778800;Z857
3994;1;778800;Z858
3995;1;778800;Z859
3996;1;778800;Z860
3997;1;778701;B213
3998;1;778701;B217
3999;1;778701;B218
4000;1;778701;B219
4001;1;778701;C000
4002;1;778701;C001
4003;1;778701;C002
4004;1;778701;C003
4005;1;778701;C004
4006;1;778701;C005
4007;1;778701;C006
4008;1;778701;C009
4009;1;778701;C01
4010;1;778701;C020
4011;1;778701;C021
4012;1;778701;C022
4013;1;778701;C023
4014;1;778701;C024
4015;1;778701;C029
4016;1;778701;C030
4017;1;778701;C031
4018;1;778701;C039
4019;1;778701;C040
4020;1;778701;C041
4021;1;778701;C049
4022;1;778701;C050
4023;1;778701;C051
4024;1;778701;C052
4025;1;778701;C059
4026;1;778701;C060
4027;1;778701;C061
4028;1;778701;C062
4029;1;778701;C069
4030;1;778701;C07
4031;1;778701;C080
4032;1;778701;C081
4033;1;778701;C089
4034;1;778701;C090
4035;1;778701;C091
4036;1;778701;C099
4037;1;778701;C100
4038;1;778701;C101
4039;1;778701;C102
4040;1;778701;C103
4041;1;778701;C104
4042;1;778701;C109
4043;1;778701;C110
4044;1;778701;C111
4045;1;778701;C112
4046;1;778701;C113
4047;1;778701;C119
4048;1;778701;C12
4049;1;778701;C130
4050;1;778701;C131
4051;1;778701;C132
4052;1;778701;C139
4053;1;778701;C140
4054;1;778701;C142
4055;1;778701;C150
4056;1;778701;C151
4057;1;778701;C152
4058;1;778701;C153
4059;1;778701;C154
4060;1;778701;C155
4061;1;778701;C159
4062;1;778701;C160
4063;1;778701;C161
4064;1;778701;C162
4065;1;778701;C163
4066;1;778701;C164
4067;1;778701;C165
4068;1;778701;C166
4069;1;778701;C169
4070;1;778701;C170
4071;1;778701;C171
4072;1;778701;C172
4073;1;778701;C173
4074;1;778701;C178
4075;1;778701;C179
4076;1;778701;C180
4077;1;778701;C181
4078;1;778701;C182
4079;1;778701;C183
4080;1;778701;C184
4081;1;778701;C185
4082;1;778701;C186
4083;1;778701;C187
4084;1;778701;C189
4085;1;778701;C19
4086;1;778701;C20
4087;1;778701;C210
4088;1;778701;C211
4089;1;778701;C212
4090;1;778701;C229
4091;1;778701;C23
4092;1;778701;C240
4093;1;778701;C241
4094;1;778701;C249
4095;1;778701;C250
4096;1;778701;C251
4097;1;778701;C252
4098;1;778701;C253
4099;1;778701;C254
4100;1;778701;C257
4101;1;778701;C259
4102;1;778701;C260
4103;1;778701;C261
4104;1;778701;C269
4105;1;778701;C300
4106;1;778701;C301
4107;1;778701;C310
4108;1;778701;C311
4109;1;778701;C312
4110;1;778701;C313
4111;1;778701;C319
4112;1;778701;C320
4113;1;778701;C321
4114;1;778701;C322
4115;1;778701;C323
4116;1;778701;C329
4117;1;778701;C33
4118;1;778701;C340
4119;1;778701;C341
4120;1;778701;C342
4121;1;778701;C343
4122;1;778701;C349
4123;1;778701;C37
4124;1;778701;C380
4125;1;778701;C381
4126;1;778701;C382
4127;1;778701;C383
4128;1;778701;C384
4129;1;778701;C390
4130;1;778701;C399
4131;1;778701;C400
4132;1;778701;C401
4133;1;778701;C402
4134;1;778701;C403
4135;1;778701;C409
4136;1;778701;C410
4137;1;778701;C411
4138;1;778701;C412
4139;1;778701;C413
4140;1;778701;C414
4141;1;778701;C419
4142;1;778701;C440
4143;1;778701;C441
4144;1;778701;C442
4145;1;778701;C443
4146;1;778701;C444
4147;1;778701;C445
4148;1;778701;C446
4149;1;778701;C447
4150;1;778701;C449
4151;1;778701;C470
4152;1;778701;C471
4153;1;778701;C472
4154;1;778701;C473
4155;1;778701;C474
4156;1;778701;C475
4157;1;778701;C476
4158;1;778701;C479
4159;1;778701;C480
4160;1;778701;C481
4161;1;778701;C482
4162;1;778701;C490
4163;1;778701;C491
4164;1;778701;C492
4165;1;778701;C493
4166;1;778701;C494
4167;1;778701;C495
4168;1;778701;C496
4169;1;778701;C499
4170;1;778701;C500
4171;1;778701;C501
4172;1;778701;C502
4173;1;778701;C503
4174;1;778701;C504
4175;1;778701;C505
4176;1;778701;C506
4177;1;778701;C509
4178;1;778701;C510
4179;1;778701;C511
4180;1;778701;C512
4181;1;778701;C519
4182;1;778701;C52
4183;1;778701;C530
4184;1;778701;C531
4185;1;778701;C539
4186;1;778701;C540
4187;1;778701;C541
4188;1;778701;C542
4189;1;778701;C543
4190;1;778701;C549
4191;1;778701;C55
4192;1;778701;C56
4193;1;778701;C570
4194;1;778701;C571
4195;1;778701;C572
4196;1;778701;C573
4197;1;778701;C574
4198;1;778701;C577
4199;1;778701;C579
4200;1;778701;C58
4201;1;778701;C600
4202;1;778701;C601
4203;1;778701;C602
4204;1;778701;C609
4205;1;778701;C61
4206;1;778701;C620
4207;1;778701;C621
4208;1;778701;C629
4209;1;778701;C630
4210;1;778701;C631
4211;1;778701;C632
4212;1;778701;C637
4213;1;778701;C639
4214;1;778701;C64
4215;1;778701;C65
4216;1;778701;C66
4217;1;778701;C670
4218;1;778701;C671
4219;1;778701;C672
4220;1;778701;C673
4221;1;778701;C674
4222;1;778701;C675
4223;1;778701;C676
4224;1;778701;C677
4225;1;778701;C679
4226;1;778701;C680
4227;1;778701;C681
4228;1;778701;C689
4229;1;778701;C690
4230;1;778701;C691
4231;1;778701;C692
4232;1;778701;C693
4233;1;778701;C694
4234;1;778701;C695
4235;1;778701;C696
4236;1;778701;C699
4237;1;778701;C700
4238;1;778701;C701
4239;1;778701;C709
4240;1;778701;C710
4241;1;778701;C711
4242;1;778701;C712
4243;1;778701;C713
4244;1;778701;C714
4245;1;778701;C715
4246;1;778701;C716
4247;1;778701;C717
4248;1;778701;C719
4249;1;778701;C720
4250;1;778701;C721
4251;1;778701;C722
4252;1;778701;C723
4253;1;778701;C724
4254;1;778701;C725
4255;1;778701;C729
4256;1;778701;C73
4257;1;778701;C740
4258;1;778701;C741
4259;1;778701;C749
4260;1;778701;C750
4261;1;778701;C751
4262;1;778701;C752
4263;1;778701;C753
4264;1;778701;C754
4265;1;778701;C755
4266;1;778701;C758
4267;1;778701;C759
4268;1;778701;C760
4269;1;778701;C761
4270;1;778701;C762
4271;1;778701;C763
4272;1;778701;C764
4273;1;778701;C765
4274;1;778701;C767
4275;1;778701;C770
4276;1;778701;C771
4277;1;778701;C772
4278;1;778701;C773
4279;1;778701;C774
4280;1;778701;C775
4281;1;778701;C778
4282;1;778701;C779
4283;1;778701;C780
4284;1;778701;C781
4285;1;778701;C782
4286;1;778701;C783
4287;1;778701;C784
4288;1;778701;C785
4289;1;778701;C786
4290;1;778701;C787
4291;1;778701;C788
4292;1;778701;C790
4293;1;778701;C791
4294;1;778701;C792
4295;1;778701;C793
4296;1;778701;C794
4297;1;778701;C795
4298;1;778701;C796
4299;1;778701;C797
4300;1;778701;C798
4301;1;778701;C80
4302;1;778701;C837
4303;1;778701;C962
4304;1;778701;C967
4305;1;778701;C969
4306;1;778701;C97
4307;1;778701;D100
4308;1;778701;D101
4309;1;778701;D102
4310;1;778701;D103
4311;1;778701;D104
4312;1;778701;D105
4313;1;778701;D106
4314;1;778701;D107
4315;1;778701;D109
4316;1;778701;D110
4317;1;778701;D117
4318;1;778701;D119
4319;1;778701;D120
4320;1;778701;D121
4321;1;778701;D122
4322;1;778701;D123
4323;1;778701;D124
4324;1;778701;D125
4325;1;778701;D126
4326;1;778701;D127
4327;1;778701;D128
4328;1;778701;D129
4329;1;778701;D130
4330;1;778701;D131
4331;1;778701;D132
4332;1;778701;D133
4333;1;778701;D134
4334;1;778701;D135
4335;1;778701;D136
4336;1;778701;D137
4337;1;778701;D139
4338;1;778701;D140
4339;1;778701;D141
4340;1;778701;D142
4341;1;778701;D143
4342;1;778701;D144
4343;1;778701;D150
4344;1;778701;D151
4345;1;778701;D152
4346;1;778701;D157
4347;1;778701;D159
4348;1;778701;D160
4349;1;778701;D161
4350;1;778701;D162
4351;1;778701;D163
4352;1;778701;D164
4353;1;778701;D165
4354;1;778701;D166
4355;1;778701;D167
4356;1;778701;D168
4357;1;778701;D169
4358;1;778701;D170
4359;1;778701;D171
4360;1;778701;D172
4361;1;778701;D173
4362;1;778701;D174
4363;1;778701;D175
4364;1;778701;D176
4365;1;778701;D177
4366;1;778701;D179
4367;1;778701;D190
4368;1;778701;D191
4369;1;778701;D197
4370;1;778701;D199
4371;1;778701;D200
4372;1;778701;D201
4373;1;778701;D210
4374;1;778701;D211
4375;1;778701;D212
4376;1;778701;D213
4377;1;778701;D214
4378;1;778701;D215
4379;1;778701;D216
4380;1;778701;D219
4381;1;778701;D230
4382;1;778701;D231
4383;1;778701;D232
4384;1;778701;D233
4385;1;778701;D234
4386;1;778701;D235
4387;1;778701;D236
4388;1;778701;D237
4389;1;778701;D239
4390;1;778701;D24
4391;1;778701;D260
4392;1;778701;D261
4393;1;778701;D267
4394;1;778701;D269
4395;1;778701;D27
4396;1;778701;D280
4397;1;778701;D281
4398;1;778701;D282
4399;1;778701;D287
4400;1;778701;D289
4401;1;778701;D290
4402;1;778701;D291
4403;1;778701;D292
4404;1;778701;D293
4405;1;778701;D294
4406;1;778701;D297
4407;1;778701;D299
4408;1;778701;D300
4409;1;778701;D301
4410;1;778701;D302
4411;1;778701;D303
4412;1;778701;D304
4413;1;778701;D307
4414;1;778701;D309
4415;1;778701;D310
4416;1;778701;D311
4417;1;778701;D312
4418;1;778701;D313
4419;1;778701;D314
4420;1;778701;D315
4421;1;778701;D316
4422;1;778701;D319
4423;1;778701;D320
4424;1;778701;D321
4425;1;778701;D329
4426;1;778701;D330
4427;1;778701;D331
4428;1;778701;D332
4429;1;778701;D333
4430;1;778701;D334
4431;1;778701;D337
4432;1;778701;D339
4433;1;778701;D34
4434;1;778701;D350
4435;1;778701;D351
4436;1;778701;D352
4437;1;778701;D353
4438;1;778701;D354
4439;1;778701;D355
4440;1;778701;D356
4441;1;778701;D357
4442;1;778701;D358
4443;1;778701;D359
4444;1;778701;D360
4445;1;778701;D361
4446;1;778701;D367
4447;1;778701;D369
4448;1;778701;D370
4449;1;778701;D371
4450;1;778701;D372
4451;1;778701;D373
4452;1;778701;D374
4453;1;778701;D375
4454;1;778701;D376
4455;1;778701;D377
4456;1;778701;D379
4457;1;778701;D380
4458;1;778701;D381
4459;1;778701;D382
4460;1;778701;D383
4461;1;778701;D384
4462;1;778701;D385
4463;1;778701;D386
4464;1;778701;D390
4465;1;778701;D391
4466;1;778701;D392
4467;1;778701;D397
4468;1;778701;D399
4469;1;778701;D400
4470;1;778701;D401
4471;1;778701;D407
4472;1;778701;D409
4473;1;778701;D410
4474;1;778701;D411
4475;1;778701;D412
4476;1;778701;D413
4477;1;778701;D414
4478;1;778701;D417
4479;1;778701;D419
4480;1;778701;D420
4481;1;778701;D421
4482;1;778701;D429
4483;1;778701;D430
4484;1;778701;D431
4485;1;778701;D432
4486;1;778701;D433
4487;1;778701;D434
4488;1;778701;D437
4489;1;778701;D439
4490;1;778701;D440
4491;1;778701;D441
4492;1;778701;D442
4493;1;778701;D443
4494;1;778701;D444
4495;1;778701;D445
4496;1;778701;D446
4497;1;778701;D447
4498;1;778701;D448
4499;1;778701;D449
4500;1;778701;D470
4501;1;778701;D477
4502;1;778701;D479
4503;1;778701;D480
4504;1;778701;D481
4505;1;778701;D482
4506;1;778701;D483
4507;1;778701;D484
4508;1;778701;D485
4509;1;778701;D486
4510;1;778701;D487
4511;1;778701;D489
4512;1;778701;O341
4513;1;778701;Z031
4514;1;778701;Z080
4515;1;778701;Z081
4516;1;778701;Z082
4517;1;778701;Z087
4518;1;778701;Z088
4519;1;778701;Z089
4520;1;778701;Z120
4521;1;778701;Z121
4522;1;778701;Z122
4523;1;778701;Z123
4524;1;778701;Z124
4525;1;778701;Z125
4526;1;778701;Z126
4527;1;778701;Z128
4528;1;778701;Z129
4529;1;778701;Z400
4530;1;778701;Z511
4531;1;778701;Z800
4532;1;778701;Z801
4533;1;778701;Z802
4534;1;778701;Z803
4535;1;778701;Z804
4536;1;778701;Z805
4537;1;778701;Z807
4538;1;778701;Z808
4539;1;778701;Z809
4540;1;778701;Z850
4541;1;778701;Z851
4542;1;778701;Z852
4543;1;778701;Z853
4544;1;778701;Z854
4545;1;778701;Z855
4546;1;778701;Z857
4547;1;778701;Z858
4548;1;778701;Z859
4549;1;778701;Z860
4550;1;893812;A212
4551;1;893812;A221
4552;1;893812;A310
4553;1;893812;A420
4554;1;893812;A430
4555;1;893812;B371
4556;1;893812;B380
4557;1;893812;B381
4558;1;893812;B382
4559;1;893812;B390
4560;1;893812;B391
4561;1;893812;B392
4562;1;893812;B400
4563;1;893812;B401
4564;1;893812;B402
4565;1;893812;B410
4566;1;893812;B420†
4567;1;893812;B440
4568;1;893812;B441
4569;1;893812;B450
4570;1;893812;B460
4571;1;893812;B583
4572;1;893812;E840
4573;1;893812;I260
4574;1;893812;I269
4575;1;893812;I270
4576;1;893812;I272
4577;1;893812;I278
4578;1;893812;I279
4579;1;893812;I280
4580;1;893812;I281
4581;1;893812;I288
4582;1;893812;I289
4583;1;893812;I370
4584;1;893812;I371
4585;1;893812;I372
4586;1;893812;I378
4587;1;893812;I379
4588;1;893812;I393
4589;1;893812;J440
4590;1;893812;J441
4591;1;893812;J448
4592;1;893812;J449
4593;1;893812;J681
4594;1;893812;J700
4595;1;893812;J701
4596;1;893812;J702
4597;1;893812;J703
4598;1;893812;J704
4599;1;893812;J81
4600;1;893812;J82
4601;1;893812;J841
4602;1;893812;J848
4603;1;893812;J849
4604;1;893812;J951
4605;1;893812;J952
4606;1;893812;J953
4607;1;893812;J981
4608;1;893812;J990*
4609;1;893812;M301
4610;1;893812;O290
4611;1;893812;O741
4612;1;893812;O890
4613;1;893812;P261
4614;1;893812;P268
4615;1;893812;P269
4616;1;893812;P271
4617;1;893812;Q214
4618;1;893812;Q220
4619;1;893812;Q221
4620;1;893812;Q222
4621;1;893812;Q223
4622;1;893812;Q243
4623;1;893812;Q255
4624;1;893812;Q256
4625;1;893812;Q257
4626;1;893812;Q262
4627;1;893812;Q263
4628;1;893812;Q264
4629;1;893812;Q330
4630;1;893812;Q331
4631;1;893812;Q336
4632;1;893812;S254
